--------------------------------------------------------
--  File created - Friday-October-11-2019   
--------------------------------------------------------
DROP TABLE "DEV"."TBL_CART" cascade constraints;
DROP TABLE "DEV"."TBL_CART_PRODUCT" cascade constraints;
DROP TABLE "DEV"."TBL_ORDER" cascade constraints;
DROP TABLE "DEV"."TBL_PRODUCT" cascade constraints;
DROP TABLE "DEV"."TBL_PRODUCT_DISCOUNT" cascade constraints;
DROP TABLE "DEV"."TBL_PRODUCT_IMAGE" cascade constraints;
DROP TABLE "DEV"."TBL_RETAILER" cascade constraints;
DROP TABLE "DEV"."TBL_USER" cascade constraints;
DROP TABLE "DEV"."TBL_WISHLIST" cascade constraints;
DROP TABLE "DEV"."TBL_WISHLIST_PRODUCT" cascade constraints;
DROP SEQUENCE "DEV"."CART_PRODUCT_SEQUENCE";
DROP SEQUENCE "DEV"."CART_SEQUENCE";
DROP SEQUENCE "DEV"."ORDER_SEQUENCE";
DROP SEQUENCE "DEV"."PRODUCT_DISCOUNT_SEQUENCE";
DROP SEQUENCE "DEV"."PRODUCT_IMAGE_SEQUENCE";
DROP SEQUENCE "DEV"."PRODUCT_SEQUENCE";
DROP SEQUENCE "DEV"."RETAILER_SEQUENCE";
DROP SEQUENCE "DEV"."USER_SEQUENCE";
DROP SEQUENCE "DEV"."WISHLIST_PRODUCT_SEQUENCE";
DROP SEQUENCE "DEV"."WISHLIST_SEQUENCE";
--------------------------------------------------------
--  DDL for Sequence CART_PRODUCT_SEQUENCE
--------------------------------------------------------

   CREATE SEQUENCE  "DEV"."CART_PRODUCT_SEQUENCE"  MINVALUE 1 MAXVALUE 999999999999999999999999999 INCREMENT BY 1 START WITH 1 CACHE 20 NOORDER  NOCYCLE ;
--------------------------------------------------------
--  DDL for Sequence CART_SEQUENCE
--------------------------------------------------------

   CREATE SEQUENCE  "DEV"."CART_SEQUENCE"  MINVALUE 1 MAXVALUE 999999999999999999999999999 INCREMENT BY 1 START WITH 1 CACHE 20 NOORDER  NOCYCLE ;
--------------------------------------------------------
--  DDL for Sequence ORDER_SEQUENCE
--------------------------------------------------------

   CREATE SEQUENCE  "DEV"."ORDER_SEQUENCE"  MINVALUE 1 MAXVALUE 999999999999999999999999999 INCREMENT BY 1 START WITH 41 CACHE 20 NOORDER  NOCYCLE ;
--------------------------------------------------------
--  DDL for Sequence PRODUCT_DISCOUNT_SEQUENCE
--------------------------------------------------------

   CREATE SEQUENCE  "DEV"."PRODUCT_DISCOUNT_SEQUENCE"  MINVALUE 1 MAXVALUE 999999999999999999999999999 INCREMENT BY 1 START WITH 1 CACHE 20 NOORDER  NOCYCLE ;
--------------------------------------------------------
--  DDL for Sequence PRODUCT_IMAGE_SEQUENCE
--------------------------------------------------------

   CREATE SEQUENCE  "DEV"."PRODUCT_IMAGE_SEQUENCE"  MINVALUE 1 MAXVALUE 999999999999999999999999999 INCREMENT BY 1 START WITH 1 CACHE 20 NOORDER  NOCYCLE ;
--------------------------------------------------------
--  DDL for Sequence PRODUCT_SEQUENCE
--------------------------------------------------------

   CREATE SEQUENCE  "DEV"."PRODUCT_SEQUENCE"  MINVALUE 1 MAXVALUE 999999999999999999999999999 INCREMENT BY 1 START WITH 161 CACHE 20 NOORDER  NOCYCLE ;
--------------------------------------------------------
--  DDL for Sequence RETAILER_SEQUENCE
--------------------------------------------------------

   CREATE SEQUENCE  "DEV"."RETAILER_SEQUENCE"  MINVALUE 1 MAXVALUE 999999999999999999999999999 INCREMENT BY 1 START WITH 41 CACHE 20 NOORDER  NOCYCLE ;
--------------------------------------------------------
--  DDL for Sequence USER_SEQUENCE
--------------------------------------------------------

   CREATE SEQUENCE  "DEV"."USER_SEQUENCE"  MINVALUE 1 MAXVALUE 999999999999999999999999999 INCREMENT BY 1 START WITH 1 CACHE 20 NOORDER  NOCYCLE ;
--------------------------------------------------------
--  DDL for Sequence WISHLIST_PRODUCT_SEQUENCE
--------------------------------------------------------

   CREATE SEQUENCE  "DEV"."WISHLIST_PRODUCT_SEQUENCE"  MINVALUE 1 MAXVALUE 999999999999999999999999999 INCREMENT BY 1 START WITH 1 CACHE 20 NOORDER  NOCYCLE ;
--------------------------------------------------------
--  DDL for Sequence WISHLIST_SEQUENCE
--------------------------------------------------------

   CREATE SEQUENCE  "DEV"."WISHLIST_SEQUENCE"  MINVALUE 1 MAXVALUE 999999999999999999999999999 INCREMENT BY 1 START WITH 1 CACHE 20 NOORDER  NOCYCLE ;
--------------------------------------------------------
--  DDL for Table TBL_CART
--------------------------------------------------------

  CREATE TABLE "DEV"."TBL_CART" 
   (	"ID" NUMBER(10,0), 
	"TOTAL_QUANTITY" NUMBER(10,0), 
	"TOTAL_PRICE" NUMBER(8,2), 
	"USER_ID" NUMBER(10,0)
   ) PCTFREE 10 PCTUSED 40 INITRANS 1 MAXTRANS 255 NOCOMPRESS LOGGING
  STORAGE(INITIAL 65536 NEXT 1048576 MINEXTENTS 1 MAXEXTENTS 2147483645
  PCTINCREASE 0 FREELISTS 1 FREELIST GROUPS 1 BUFFER_POOL DEFAULT)
  TABLESPACE "SYSTEM" ;
--------------------------------------------------------
--  DDL for Table TBL_CART_PRODUCT
--------------------------------------------------------

  CREATE TABLE "DEV"."TBL_CART_PRODUCT" 
   (	"ID" NUMBER(10,0), 
	"QUANTITY" NUMBER(2,0), 
	"PRODUCT_ID" NUMBER(10,0), 
	"CART_ID" NUMBER(10,0)
   ) PCTFREE 10 PCTUSED 40 INITRANS 1 MAXTRANS 255 NOCOMPRESS LOGGING
  STORAGE(INITIAL 65536 NEXT 1048576 MINEXTENTS 1 MAXEXTENTS 2147483645
  PCTINCREASE 0 FREELISTS 1 FREELIST GROUPS 1 BUFFER_POOL DEFAULT)
  TABLESPACE "SYSTEM" ;
--------------------------------------------------------
--  DDL for Table TBL_ORDER
--------------------------------------------------------

  CREATE TABLE "DEV"."TBL_ORDER" 
   (	"ID" NUMBER(10,0), 
	"ORDERED_ON" TIMESTAMP (6) DEFAULT CURRENT_TIMESTAMP, 
	"TOTAL_PRICE" NUMBER(8,2), 
	"MODE_OF_PAYMENT" VARCHAR2(20 BYTE), 
	"CART_ID" NUMBER(10,0)
   ) PCTFREE 10 PCTUSED 40 INITRANS 1 MAXTRANS 255 NOCOMPRESS LOGGING
  STORAGE(INITIAL 65536 NEXT 1048576 MINEXTENTS 1 MAXEXTENTS 2147483645
  PCTINCREASE 0 FREELISTS 1 FREELIST GROUPS 1 BUFFER_POOL DEFAULT)
  TABLESPACE "SYSTEM" ;
--------------------------------------------------------
--  DDL for Table TBL_PRODUCT
--------------------------------------------------------

  CREATE TABLE "DEV"."TBL_PRODUCT" 
   (	"ID" NUMBER(10,0), 
	"NAME" VARCHAR2(100 BYTE), 
	"DESCRIPTION" VARCHAR2(255 BYTE), 
	"PRICE" NUMBER(8,2), 
	"CATEGORY" VARCHAR2(50 BYTE), 
	"BRAND" VARCHAR2(50 BYTE), 
	"QUANTITY" NUMBER(5,0), 
	"RETAILER_ID" NUMBER(10,0)
   ) PCTFREE 10 PCTUSED 40 INITRANS 1 MAXTRANS 255 NOCOMPRESS LOGGING
  STORAGE(INITIAL 65536 NEXT 1048576 MINEXTENTS 1 MAXEXTENTS 2147483645
  PCTINCREASE 0 FREELISTS 1 FREELIST GROUPS 1 BUFFER_POOL DEFAULT)
  TABLESPACE "SYSTEM" ;
--------------------------------------------------------
--  DDL for Table TBL_PRODUCT_DISCOUNT
--------------------------------------------------------

  CREATE TABLE "DEV"."TBL_PRODUCT_DISCOUNT" 
   (	"ID" NUMBER(10,0), 
	"DISCOUNT_PERCENT" NUMBER(2,0), 
	"PRODUCT_ID" NUMBER(10,0)
   ) PCTFREE 10 PCTUSED 40 INITRANS 1 MAXTRANS 255 NOCOMPRESS LOGGING
  STORAGE(INITIAL 65536 NEXT 1048576 MINEXTENTS 1 MAXEXTENTS 2147483645
  PCTINCREASE 0 FREELISTS 1 FREELIST GROUPS 1 BUFFER_POOL DEFAULT)
  TABLESPACE "SYSTEM" ;
--------------------------------------------------------
--  DDL for Table TBL_PRODUCT_IMAGE
--------------------------------------------------------

  CREATE TABLE "DEV"."TBL_PRODUCT_IMAGE" 
   (	"ID" NUMBER(10,0), 
	"IMAGE_PATH" VARCHAR2(255 BYTE), 
	"PRODUCT_ID" NUMBER(10,0)
   ) PCTFREE 10 PCTUSED 40 INITRANS 1 MAXTRANS 255 NOCOMPRESS LOGGING
  STORAGE(INITIAL 65536 NEXT 1048576 MINEXTENTS 1 MAXEXTENTS 2147483645
  PCTINCREASE 0 FREELISTS 1 FREELIST GROUPS 1 BUFFER_POOL DEFAULT)
  TABLESPACE "SYSTEM" ;
--------------------------------------------------------
--  DDL for Table TBL_RETAILER
--------------------------------------------------------

  CREATE TABLE "DEV"."TBL_RETAILER" 
   (	"ID" NUMBER(10,0), 
	"NAME" VARCHAR2(50 BYTE), 
	"EMAIL" VARCHAR2(100 BYTE), 
	"PASSWORD" VARCHAR2(255 BYTE), 
	"MOBILE_NUMBER" NUMBER(10,0), 
	"ADDRESS" VARCHAR2(255 BYTE), 
	"CREATED_AT" TIMESTAMP (6) DEFAULT CURRENT_TIMESTAMP, 
	"APPROVED" NUMBER(1,0) DEFAULT 0
   ) PCTFREE 10 PCTUSED 40 INITRANS 1 MAXTRANS 255 NOCOMPRESS LOGGING
  STORAGE(INITIAL 65536 NEXT 1048576 MINEXTENTS 1 MAXEXTENTS 2147483645
  PCTINCREASE 0 FREELISTS 1 FREELIST GROUPS 1 BUFFER_POOL DEFAULT)
  TABLESPACE "SYSTEM" ;
--------------------------------------------------------
--  DDL for Table TBL_USER
--------------------------------------------------------

  CREATE TABLE "DEV"."TBL_USER" 
   (	"ID" NUMBER(10,0), 
	"NAME" VARCHAR2(50 BYTE), 
	"EMAIL" VARCHAR2(100 BYTE), 
	"PASSWORD" VARCHAR2(255 BYTE), 
	"MOBILE_NUMBER" NUMBER(10,0), 
	"ADDRESS" VARCHAR2(255 BYTE), 
	"CREATED_AT" TIMESTAMP (6) DEFAULT CURRENT_TIMESTAMP, 
	"APPROVED" NUMBER(1,0) DEFAULT 0
   ) PCTFREE 10 PCTUSED 40 INITRANS 1 MAXTRANS 255 NOCOMPRESS LOGGING
  STORAGE(INITIAL 65536 NEXT 1048576 MINEXTENTS 1 MAXEXTENTS 2147483645
  PCTINCREASE 0 FREELISTS 1 FREELIST GROUPS 1 BUFFER_POOL DEFAULT)
  TABLESPACE "SYSTEM" ;
--------------------------------------------------------
--  DDL for Table TBL_WISHLIST
--------------------------------------------------------

  CREATE TABLE "DEV"."TBL_WISHLIST" 
   (	"ID" NUMBER(10,0), 
	"USER_ID" NUMBER(10,0)
   ) PCTFREE 10 PCTUSED 40 INITRANS 1 MAXTRANS 255 NOCOMPRESS LOGGING
  STORAGE(INITIAL 65536 NEXT 1048576 MINEXTENTS 1 MAXEXTENTS 2147483645
  PCTINCREASE 0 FREELISTS 1 FREELIST GROUPS 1 BUFFER_POOL DEFAULT)
  TABLESPACE "SYSTEM" ;
--------------------------------------------------------
--  DDL for Table TBL_WISHLIST_PRODUCT
--------------------------------------------------------

  CREATE TABLE "DEV"."TBL_WISHLIST_PRODUCT" 
   (	"ID" NUMBER(10,0), 
	"PRODUCT_ID" NUMBER(10,0), 
	"QUANTITY" NUMBER(5,0)
   ) PCTFREE 10 PCTUSED 40 INITRANS 1 MAXTRANS 255 NOCOMPRESS LOGGING
  STORAGE(INITIAL 65536 NEXT 1048576 MINEXTENTS 1 MAXEXTENTS 2147483645
  PCTINCREASE 0 FREELISTS 1 FREELIST GROUPS 1 BUFFER_POOL DEFAULT)
  TABLESPACE "SYSTEM" ;
REM INSERTING into DEV.TBL_CART
SET DEFINE OFF;
REM INSERTING into DEV.TBL_CART_PRODUCT
SET DEFINE OFF;
REM INSERTING into DEV.TBL_ORDER
SET DEFINE OFF;
REM INSERTING into DEV.TBL_PRODUCT
SET DEFINE OFF;
Insert into DEV.TBL_PRODUCT (ID,NAME,DESCRIPTION,PRICE,CATEGORY,BRAND,QUANTITY,RETAILER_ID) values (101,'IPHONE11PRO','IPhone11pro',123900,'MOBILE','Apple',1,21);
Insert into DEV.TBL_PRODUCT (ID,NAME,DESCRIPTION,PRICE,CATEGORY,BRAND,QUANTITY,RETAILER_ID) values (21,'IPHONE7PLUS','IPhone7plus',34500,'MOBILE','Apple',1,22);
Insert into DEV.TBL_PRODUCT (ID,NAME,DESCRIPTION,PRICE,CATEGORY,BRAND,QUANTITY,RETAILER_ID) values (41,'IPHONE8PLUS','IPHONE8PLUS',54000,'MOBILE','APPLE',1,23);
Insert into DEV.TBL_PRODUCT (ID,NAME,DESCRIPTION,PRICE,CATEGORY,BRAND,QUANTITY,RETAILER_ID) values (42,'SHIRT','DENIM SHIRT',2000,'CLOTHING','DENIM',5,21);
Insert into DEV.TBL_PRODUCT (ID,NAME,DESCRIPTION,PRICE,CATEGORY,BRAND,QUANTITY,RETAILER_ID) values (43,'SHIRT','MENS SHIRT',1500,'CLOTHING','MUFTI',5,21);
Insert into DEV.TBL_PRODUCT (ID,NAME,DESCRIPTION,PRICE,CATEGORY,BRAND,QUANTITY,RETAILER_ID) values (44,'TROUSER','MENS TROUSERS',2100,'CLOTHING','KHOUTANS',3,21);
Insert into DEV.TBL_PRODUCT (ID,NAME,DESCRIPTION,PRICE,CATEGORY,BRAND,QUANTITY,RETAILER_ID) values (45,'TROUSER','MENS TROUSER',1600,'CLOTHING','SIYARAM',5,21);
Insert into DEV.TBL_PRODUCT (ID,NAME,DESCRIPTION,PRICE,CATEGORY,BRAND,QUANTITY,RETAILER_ID) values (46,'JEANS','MENS JEANS',3000,'CLOTHING','DENIM',5,22);
Insert into DEV.TBL_PRODUCT (ID,NAME,DESCRIPTION,PRICE,CATEGORY,BRAND,QUANTITY,RETAILER_ID) values (47,'IPHONE9PLUS','IPHONE9PLUS',73000,'MOBILE','APPLE',1,24);
Insert into DEV.TBL_PRODUCT (ID,NAME,DESCRIPTION,PRICE,CATEGORY,BRAND,QUANTITY,RETAILER_ID) values (48,'IPHONEX','IPHONEX',45000,'MOBILE','APPLE',1,25);
Insert into DEV.TBL_PRODUCT (ID,NAME,DESCRIPTION,PRICE,CATEGORY,BRAND,QUANTITY,RETAILER_ID) values (49,'MI-NOTE5PLUS','MI-NOTE5PLUS',8200,'MOBILE','REDMI',1,24);
Insert into DEV.TBL_PRODUCT (ID,NAME,DESCRIPTION,PRICE,CATEGORY,BRAND,QUANTITY,RETAILER_ID) values (50,'MI-K20','MI-K20',25250,'MOBILE','REDMI',1,23);
Insert into DEV.TBL_PRODUCT (ID,NAME,DESCRIPTION,PRICE,CATEGORY,BRAND,QUANTITY,RETAILER_ID) values (51,'MI-NOTE6','MI-NOTE6',8500,'MOBILE','REDMI',1,22);
Insert into DEV.TBL_PRODUCT (ID,NAME,DESCRIPTION,PRICE,CATEGORY,BRAND,QUANTITY,RETAILER_ID) values (52,'MI-NOTE7PRO','MI-NOTE7PRO',14500,'MOBILE','REDMI',1,23);
Insert into DEV.TBL_PRODUCT (ID,NAME,DESCRIPTION,PRICE,CATEGORY,BRAND,QUANTITY,RETAILER_ID) values (53,'MI-NOTE8PRO','MI-NOTE8PRO',28999,'MOBILE','REDMI',1,25);
Insert into DEV.TBL_PRODUCT (ID,NAME,DESCRIPTION,PRICE,CATEGORY,BRAND,QUANTITY,RETAILER_ID) values (54,'A3S','A3S',7500,'MOBILE','OPPO',1,22);
Insert into DEV.TBL_PRODUCT (ID,NAME,DESCRIPTION,PRICE,CATEGORY,BRAND,QUANTITY,RETAILER_ID) values (55,'A5S','A5S',8490,'MOBILE','OPPO',1,21);
Insert into DEV.TBL_PRODUCT (ID,NAME,DESCRIPTION,PRICE,CATEGORY,BRAND,QUANTITY,RETAILER_ID) values (56,'JEANS','MENS JEANS',1400,'CLOTHING','METRONAUT',2,22);
Insert into DEV.TBL_PRODUCT (ID,NAME,DESCRIPTION,PRICE,CATEGORY,BRAND,QUANTITY,RETAILER_ID) values (57,'SHIRTS','KIDS CLOTHS',800,'CLOTHING','POLO',4,25);
Insert into DEV.TBL_PRODUCT (ID,NAME,DESCRIPTION,PRICE,CATEGORY,BRAND,QUANTITY,RETAILER_ID) values (58,'SAMSUNG-GALAXYA15','SAMSUNG-GALAXYA15',17000,'MOBILE','SAMSUNG',1,22);
Insert into DEV.TBL_PRODUCT (ID,NAME,DESCRIPTION,PRICE,CATEGORY,BRAND,QUANTITY,RETAILER_ID) values (59,'SAMSUNG-GALAXYA18','SAMSUNG-GALAXYA18',47990,'MOBILE','SAMSUNG',1,23);
Insert into DEV.TBL_PRODUCT (ID,NAME,DESCRIPTION,PRICE,CATEGORY,BRAND,QUANTITY,RETAILER_ID) values (60,'SAMSUNG-GALAXYA9PRO','SAMSUNG-GALAXYA9PRO',21000,'MOBILE','SAMSUNG',1,22);
Insert into DEV.TBL_PRODUCT (ID,NAME,DESCRIPTION,PRICE,CATEGORY,BRAND,QUANTITY,RETAILER_ID) values (61,'SAMSUNG-GALAXYM30','SAMSUNG-GALAXYM30',13999,'MOBILE','SAMSUNG',1,24);
Insert into DEV.TBL_PRODUCT (ID,NAME,DESCRIPTION,PRICE,CATEGORY,BRAND,QUANTITY,RETAILER_ID) values (62,'SAMSUNG-GALAXYS10PLUS','SAMSUNG-GALAXYS10PLUS',69900,'MOBILE','SAMSUNG',1,25);
Insert into DEV.TBL_PRODUCT (ID,NAME,DESCRIPTION,PRICE,CATEGORY,BRAND,QUANTITY,RETAILER_ID) values (63,'TSHIRTS','POLO TSHIRTS',1100,'CLOTHING','POLO',3,25);
Insert into DEV.TBL_PRODUCT (ID,NAME,DESCRIPTION,PRICE,CATEGORY,BRAND,QUANTITY,RETAILER_ID) values (65,'THIRTS','MENS TSHIRTS',500,'CLOTHING','URBANO',22,24);
Insert into DEV.TBL_PRODUCT (ID,NAME,DESCRIPTION,PRICE,CATEGORY,BRAND,QUANTITY,RETAILER_ID) values (67,'JEANS','MENS JEANS',900,'CLOTHING','URBANO',5,23);
Insert into DEV.TBL_PRODUCT (ID,NAME,DESCRIPTION,PRICE,CATEGORY,BRAND,QUANTITY,RETAILER_ID) values (69,'SHIRTS','MENS SHIRTS',1800,'CLOTHING','REAL VALUE',3,23);
Insert into DEV.TBL_PRODUCT (ID,NAME,DESCRIPTION,PRICE,CATEGORY,BRAND,QUANTITY,RETAILER_ID) values (70,'SHIRTS','POLO SHIRTS',1050,'CLOTHING','POLO',5,22);
Insert into DEV.TBL_PRODUCT (ID,NAME,DESCRIPTION,PRICE,CATEGORY,BRAND,QUANTITY,RETAILER_ID) values (71,'ASHIRWAD-SELECT ATTTA 5KG','ASHIRWAD-SELECT ATTTA 5KG',250,'COOKING-ESSENTIALS','ASHIRWAD',1,22);
Insert into DEV.TBL_PRODUCT (ID,NAME,DESCRIPTION,PRICE,CATEGORY,BRAND,QUANTITY,RETAILER_ID) values (72,'AMUL BUTTER 500GM','AMUL BUTTER 500GM',245,'COOKING-ESSENTIALS','AMUL',1,23);
Insert into DEV.TBL_PRODUCT (ID,NAME,DESCRIPTION,PRICE,CATEGORY,BRAND,QUANTITY,RETAILER_ID) values (73,'FORTUNE REFINED OIL 1 LTR','FORTUNE REFINED OIL 1 LTR',120,'COOKING-ESSENTIALS','FORTUNE',1,23);
Insert into DEV.TBL_PRODUCT (ID,NAME,DESCRIPTION,PRICE,CATEGORY,BRAND,QUANTITY,RETAILER_ID) values (74,'NATRAJ DRYFRUITS 1KG','NATRAJ DRYFRUITS 1KG',795,'COOKING-ESSENTIALS','NATRAJ',1,24);
Insert into DEV.TBL_PRODUCT (ID,NAME,DESCRIPTION,PRICE,CATEGORY,BRAND,QUANTITY,RETAILER_ID) values (75,'PURE ORGANIC SUGAR 1 KG','PURE ORGANIC SUGAR 1 KG',297,'COOKING-ESSENTIALS','PURE',1,25);
Insert into DEV.TBL_PRODUCT (ID,NAME,DESCRIPTION,PRICE,CATEGORY,BRAND,QUANTITY,RETAILER_ID) values (76,'TATA SALT 1KG','TATA SALT 1KG',20,'COOKING-ESSENTIALS','TATA',1,22);
Insert into DEV.TBL_PRODUCT (ID,NAME,DESCRIPTION,PRICE,CATEGORY,BRAND,QUANTITY,RETAILER_ID) values (77,'TATA SAMPANN PULSES- TOOR DAL 1KG','TATA SAMPANN PULSES- TOOR DAL 1KG',119,'COOKING-ESSENTIALS','TATA',1,23);
Insert into DEV.TBL_PRODUCT (ID,NAME,DESCRIPTION,PRICE,CATEGORY,BRAND,QUANTITY,RETAILER_ID) values (78,'VEDAKA MOONG DAAL 1KG','VEDAKA MOONG DAAL 1KG',99,'COOKING-ESSENTIALS','VEDAKA',1,25);
Insert into DEV.TBL_PRODUCT (ID,NAME,DESCRIPTION,PRICE,CATEGORY,BRAND,QUANTITY,RETAILER_ID) values (79,'VEDAKA SPICE COMBO1KG','VEDAKA SPICE COMBO1KG',589,'COOKING-ESSENTIALS','VEDAKA',1,22);
Insert into DEV.TBL_PRODUCT (ID,NAME,DESCRIPTION,PRICE,CATEGORY,BRAND,QUANTITY,RETAILER_ID) values (80,'VEDIK GHEE 100ML','VEDIK GHEE 100ML',200,'COOKING-ESSENTIALS','VEDIK',1,21);
Insert into DEV.TBL_PRODUCT (ID,NAME,DESCRIPTION,PRICE,CATEGORY,BRAND,QUANTITY,RETAILER_ID) values (85,'Lenovo ThinkPad E490 Intel Core i3 8th Gen 14-inch HD Thin and Light Laptop','Maximize productivity while ensuring the best value with the Legendary 11 Military Specs tested ThinkPad E490 laptop',54960,'Laptops','Lenovo',1,22);
Insert into DEV.TBL_PRODUCT (ID,NAME,DESCRIPTION,PRICE,CATEGORY,BRAND,QUANTITY,RETAILER_ID) values (86,'Dell Inspiron 14 5482 2-in-1 14 Inch FHD Touchscreen Convertible Laptop','Core i3-8145U/4 GB/1 TB HDD/Windows 10/MS Office/Silver/1.7 kg',58000,'Laptops','Dell',1,24);
Insert into DEV.TBL_PRODUCT (ID,NAME,DESCRIPTION,PRICE,CATEGORY,BRAND,QUANTITY,RETAILER_ID) values (87,'HP 14 Core i3 7th gen 14-inch Thin and Light Laptop 14q-cs0023TU','8GB/256GB SSD/Windows 10 Home/MS Office/Jet Black/1.43 kg',32490,'Laptops','HP',1,24);
Insert into DEV.TBL_PRODUCT (ID,NAME,DESCRIPTION,PRICE,CATEGORY,BRAND,QUANTITY,RETAILER_ID) values (88,'WOMENS HIRTS','WOMENS SHIRTS',1200,'CLOTHING','US POLO',4,23);
Insert into DEV.TBL_PRODUCT (ID,NAME,DESCRIPTION,PRICE,CATEGORY,BRAND,QUANTITY,RETAILER_ID) values (89,'WOMEN SHIRTS','WOMEN SHIRTS',1500,'CLOTHING','METERONAUT',5,23);
Insert into DEV.TBL_PRODUCT (ID,NAME,DESCRIPTION,PRICE,CATEGORY,BRAND,QUANTITY,RETAILER_ID) values (90,'WOMENS TSHIRTS','WOMEN TSHIRTS',800,'CLOTHING','METERONAUT',4,23);
Insert into DEV.TBL_PRODUCT (ID,NAME,DESCRIPTION,PRICE,CATEGORY,BRAND,QUANTITY,RETAILER_ID) values (91,'BOURNVITA HEALTH DRINK 750GM','BOURNVITBOURNVITA HEALTH DRINK 750GMA HEALTH DRINK',185,'HEALTH AND PERSONEL CARE','CADBURY',1,22);
Insert into DEV.TBL_PRODUCT (ID,NAME,DESCRIPTION,PRICE,CATEGORY,BRAND,QUANTITY,RETAILER_ID) values (92,'DOVE INTENSE REPAIR SHAMPOO 1LTR','DOVE INTENSE REPAIR SHAMPOO 1LTR',190,'HEALTH AND PERSONEL CARE','DOVE',1,22);
Insert into DEV.TBL_PRODUCT (ID,NAME,DESCRIPTION,PRICE,CATEGORY,BRAND,QUANTITY,RETAILER_ID) values (93,'HERBALIFE NUTRI SHAKE MIX 1KG','HERBALIFE NUTRI SHAKE MIX 1KG',1200,'HEALTH AND PERSONEL CARE','HERBALIFE',1,21);
Insert into DEV.TBL_PRODUCT (ID,NAME,DESCRIPTION,PRICE,CATEGORY,BRAND,QUANTITY,RETAILER_ID) values (94,'NATURE''S BOUNTY CAPSULE','NATURE''S BOUNTY ',745,'HEALTH AND PERSONEL CARE','NATURE''S BOUNTY',1,22);
Insert into DEV.TBL_PRODUCT (ID,NAME,DESCRIPTION,PRICE,CATEGORY,BRAND,QUANTITY,RETAILER_ID) values (95,'NESTLE CEREGROW MULTI GRAIN CEREAL','NESTLE CEREGROW MULTI GRAIN CEREAL',265,'HEALTH AND PERSONEL CARE','NESTLE',1,23);
Insert into DEV.TBL_PRODUCT (ID,NAME,DESCRIPTION,PRICE,CATEGORY,BRAND,QUANTITY,RETAILER_ID) values (96,'NUTRALYF CAMBOGIA EXTRACT WITH GREEN TEA','NUTRALYF CAMBOGIA EXTRACT WITH GREEN TEA',591,'HEALTH AND PERSONEL CARE','NUTRALYF',1,24);
Insert into DEV.TBL_PRODUCT (ID,NAME,DESCRIPTION,PRICE,CATEGORY,BRAND,QUANTITY,RETAILER_ID) values (97,'OLAY TOTAL EFFECTS 7 IN 1','OLAY TOTAL EFFECTS 7 IN 1',722,'HEALTH AND PERSONEL CARE','OLAY',1,22);
Insert into DEV.TBL_PRODUCT (ID,NAME,DESCRIPTION,PRICE,CATEGORY,BRAND,QUANTITY,RETAILER_ID) values (98,'ORAL B CRISS CROSS TOOTHBRUSH','ORAL B CRISS CROSS TOOTHBRUSH',50,'HEALTH AND PERSONEL CARE','COLGATE',1,23);
Insert into DEV.TBL_PRODUCT (ID,NAME,DESCRIPTION,PRICE,CATEGORY,BRAND,QUANTITY,RETAILER_ID) values (99,'PARACHUTE COCONUT OIL 600 ML','PARACHUTE COCONUT OIL 600 ML',210,'HEALTH AND PERSONEL CARE','PARACHUTE',1,22);
Insert into DEV.TBL_PRODUCT (ID,NAME,DESCRIPTION,PRICE,CATEGORY,BRAND,QUANTITY,RETAILER_ID) values (100,'VASALINE INTENSIVE CARE BODY LOTION 400 ML','VASALINE INTENSIVE CARE BODY LOTION 400 ML',200,'HEALTH AND PERSONEL CARE','VASALINE',1,25);
Insert into DEV.TBL_PRODUCT (ID,NAME,DESCRIPTION,PRICE,CATEGORY,BRAND,QUANTITY,RETAILER_ID) values (102,'Aspire 3 Slim A315-22 ( A4-9120 | 4GB | 1TB | INT | 15.6"HD | Windows 10 | Black) - 1.9 Kg Thin1','AMD A-Series dual-core processor A4-9120 2.2GHz with Turbo Boost up to 2.5GHz Windows 10 Home 64-bit',29990,'Laptops','Acer',1,23);
Insert into DEV.TBL_PRODUCT (ID,NAME,DESCRIPTION,PRICE,CATEGORY,BRAND,QUANTITY,RETAILER_ID) values (103,'ASUS VivoBooK Intel Celeron N4000 15.6-inch Laptop (4GB/500GB HDD/Windows 10/Chocolate Black/2 Kg)','ASUS X540BA is powered by the AMD processors.',25990,'Laptops','Asus',1,23);
Insert into DEV.TBL_PRODUCT (ID,NAME,DESCRIPTION,PRICE,CATEGORY,BRAND,QUANTITY,RETAILER_ID) values (104,'OPPO F11 PRO','OPPO F11 PRO',19900,'MOBILE','OPPO',1,22);
Insert into DEV.TBL_PRODUCT (ID,NAME,DESCRIPTION,PRICE,CATEGORY,BRAND,QUANTITY,RETAILER_ID) values (105,'OPPO K3','OPPO K3',16999,'MOBILE','OPPO',1,22);
Insert into DEV.TBL_PRODUCT (ID,NAME,DESCRIPTION,PRICE,CATEGORY,BRAND,QUANTITY,RETAILER_ID) values (106,'OPPO RENO 10X','OPPO RENO 10X',49990,'MOBILE','OPPO',1,25);
Insert into DEV.TBL_PRODUCT (ID,NAME,DESCRIPTION,PRICE,CATEGORY,BRAND,QUANTITY,RETAILER_ID) values (107,'Apple MacBook Air (13-inch, 1.8GHz Dual-core Intel Core i5, 8GB RAM, 128GB SSD) - Silver','13.3-inch (diagonal) LED-backlit Retina display. 1.8GHz dual-core 5th-generation Intel Core i5 with Turbo Boost up to 2.9GHz.',77200,'Laptops','Apple',1,22);
Insert into DEV.TBL_PRODUCT (ID,NAME,DESCRIPTION,PRICE,CATEGORY,BRAND,QUANTITY,RETAILER_ID) values (108,'HP Pavilion 15-dk0051TX 2019 (9th Gen Core i7-9750H NVIDIA GTX 1650 Graphics), Shadow Black','12GB DDR4 RAM. 15.6-inch screen, NVIDIA GTX 1650 4GB Graphics. 2.25kg laptop',103480,'Laptops','HP',1,22);
Insert into DEV.TBL_PRODUCT (ID,NAME,DESCRIPTION,PRICE,CATEGORY,BRAND,QUANTITY,RETAILER_ID) values (109,'MSI Gaming GL63 9RCX-219INIntel Corei5-9300H 9th Gen 15.6-inch Gaming Laptop','8GB/512GB NVMe SSD/Windows 10 Home/GTX 1050 Ti, 4GB Graphics/Black/2.22Kg',65000,'Laptops','MSI',1,24);
Insert into DEV.TBL_PRODUCT (ID,NAME,DESCRIPTION,PRICE,CATEGORY,BRAND,QUANTITY,RETAILER_ID) values (110,'Omen by HP Core i7 9th Gen 15.6-inch FHD Gaming Laptop','8GB/1TB HDD + 256GB SSD/Windows 10/NVIDIA GTX 1650 4GB Graphics/Shadow Black',106418,'Laptops','Omen',1,23);
Insert into DEV.TBL_PRODUCT (ID,NAME,DESCRIPTION,PRICE,CATEGORY,BRAND,QUANTITY,RETAILER_ID) values (111,'ASUS ROG Strix G G731GT 17.3" FHD Gaming Laptop GTX 1650 4GB Graphics','Core i7-9750H 9th Gen/16GB RAM/1TB SSHD + 256GB PCIe SSD/Windows 10/Black/2.85 Kg',110990,'Laptops','Asus',1,23);
Insert into DEV.TBL_PRODUCT (ID,NAME,DESCRIPTION,PRICE,CATEGORY,BRAND,QUANTITY,RETAILER_ID) values (121,'AIRWICK FRESHMATE REFILL TURQUOISE OASIS','AIRWICK FRESHMATE REFILL TURQUOISE OASIS',148,'HOUSEHOLD SUPPLIES','AIRWICK',1,23);
Insert into DEV.TBL_PRODUCT (ID,NAME,DESCRIPTION,PRICE,CATEGORY,BRAND,QUANTITY,RETAILER_ID) values (122,'CLOSEUP DEEP ACTION TOOTHPASTE','CLOSEUP DEEP ACTION TOOTHPASTE',82,'HOUSEHOLD SUPPLIES','HINDUSTAN UNILIVER',1,25);
Insert into DEV.TBL_PRODUCT (ID,NAME,DESCRIPTION,PRICE,CATEGORY,BRAND,QUANTITY,RETAILER_ID) values (139,'DABUR MESWAK TOOTHPASTE 200G','DABUR MESWAK TOOTHPASTE',78,'HOUSEHOLD SUPPLIES','DABUR',1,24);
Insert into DEV.TBL_PRODUCT (ID,NAME,DESCRIPTION,PRICE,CATEGORY,BRAND,QUANTITY,RETAILER_ID) values (140,'GODREJ AER POCKET BATHROOM FRAGRANCE','GODREJ AER POCKET BATHROOM FRAGRANCE',320,'HOUSEHOLD SUPPLIES','GODREJ',1,22);
Insert into DEV.TBL_PRODUCT (ID,NAME,DESCRIPTION,PRICE,CATEGORY,BRAND,QUANTITY,RETAILER_ID) values (141,'ORIGAMI SOFT TOILET TISSUE','ORIGAMI SOFT TOILET TISSUE',279,'HOUSEHOLD SUPPLIES','ORIGAMI',1,25);
Insert into DEV.TBL_PRODUCT (ID,NAME,DESCRIPTION,PRICE,CATEGORY,BRAND,QUANTITY,RETAILER_ID) values (142,'PRIL DISH WASHING LIQUID 750ML','PRIL DISH WASHING LIQUID',130,'HOUSEHOLD SUPPLIES','PRIL',1,24);
Insert into DEV.TBL_PRODUCT (ID,NAME,DESCRIPTION,PRICE,CATEGORY,BRAND,QUANTITY,RETAILER_ID) values (143,'SELPAK KITCHEN TOWEL PAPER','SELPAK KITCHEN TOWEL PAPER',415,'HOUSEHOLD SUPPLIES','SELPAK',1,23);
Insert into DEV.TBL_PRODUCT (ID,NAME,DESCRIPTION,PRICE,CATEGORY,BRAND,QUANTITY,RETAILER_ID) values (144,'SURF EXCEL FRONT LOAD MATIC LIQUID DETERGENT 1L','SURF EXCEL FRONT LOAD MATIC LIQUID DETERGENT ',250,'HOUSEHOLD SUPPLIES','P&G',1,22);
Insert into DEV.TBL_PRODUCT (ID,NAME,DESCRIPTION,PRICE,CATEGORY,BRAND,QUANTITY,RETAILER_ID) values (145,'TIDE PLUS EXTRA POWER DETERGENT WASHING POWDER 1KG','TIDE PLUS EXTRA POWER DETERGENT WASHING POWDER',200,'HOUSEHOLD SUPPLIES','P&G',1,25);
Insert into DEV.TBL_PRODUCT (ID,NAME,DESCRIPTION,PRICE,CATEGORY,BRAND,QUANTITY,RETAILER_ID) values (146,'VIM DISHWASH GEL','VIM DISHWASH GEL',178,'HOUSEHOLD SUPPLIES','HINDUSTAN UNILIVER',1,22);
Insert into DEV.TBL_PRODUCT (ID,NAME,DESCRIPTION,PRICE,CATEGORY,BRAND,QUANTITY,RETAILER_ID) values (147,'ACU CHECK-INSTANT GLUCOMETER','ACU CHECK-INSTANT GLUCOMETER',1263,'PERSONAL CARE AND HEALTH CARE','ROCHE DIABETES CARE',1,23);
Insert into DEV.TBL_PRODUCT (ID,NAME,DESCRIPTION,PRICE,CATEGORY,BRAND,QUANTITY,RETAILER_ID) values (148,'COLGATE DENTAL FLOSS','COLGATE DENTAL FLOSS',75,'PERSONAL CARE AND HEALTH CARE','COLGATE',1,25);
Insert into DEV.TBL_PRODUCT (ID,NAME,DESCRIPTION,PRICE,CATEGORY,BRAND,QUANTITY,RETAILER_ID) values (149,'HESLEY WEIGHING MACHINE','HESLEY WEIGHING MACHINE',899,'PERSONAL CARE AND HEALTH CARE','HESLEY',1,24);
Insert into DEV.TBL_PRODUCT (ID,NAME,DESCRIPTION,PRICE,CATEGORY,BRAND,QUANTITY,RETAILER_ID) values (150,'HAVELLS 1200 W HAIR DRYER','HAVELLS 1200 W HAIR DRYER',897,'PERSONAL CARE AND HEALTH CARE','HAVELLS',1,23);
Insert into DEV.TBL_PRODUCT (ID,NAME,DESCRIPTION,PRICE,CATEGORY,BRAND,QUANTITY,RETAILER_ID) values (151,'NOVA TITANIUM COATED USB TRIMMER FOR MEN','NOVA TITANIUM COATED USB TRIMMER FOR MEN',325,'PERSONAL CARE AND HEALTH CARE','NOVA',1,22);
Insert into DEV.TBL_PRODUCT (ID,NAME,DESCRIPTION,PRICE,CATEGORY,BRAND,QUANTITY,RETAILER_ID) values (152,'OMRON HEN-8712 BLOOD PRESSURE MONITOR','OMRON HEN-8712 BLOOD PRESSURE MONITOR',1521,'PERSONAL CARE AND HEALTH CARE','OMRON',1,25);
Insert into DEV.TBL_PRODUCT (ID,NAME,DESCRIPTION,PRICE,CATEGORY,BRAND,QUANTITY,RETAILER_ID) values (153,'QERINKLE HAIR ELECTRIC COMB BRUSH','QERINKLE HAIR ELECTRIC COMB BRUSH',278,'PERSONAL CARE AND HEALTH CARE','QERINKLE',1,24);
Insert into DEV.TBL_PRODUCT (ID,NAME,DESCRIPTION,PRICE,CATEGORY,BRAND,QUANTITY,RETAILER_ID) values (154,'SPRAYMINTT ELAICHI MOUTH FRESHNER ','SPRAYMINTT ELAICHI MOUTH FRESHNER ',99,'PERSONAL CARE AND HEALTH CARE','SPRAYMINTT',1,23);
Insert into DEV.TBL_PRODUCT (ID,NAME,DESCRIPTION,PRICE,CATEGORY,BRAND,QUANTITY,RETAILER_ID) values (155,'WAHL SUPER DRY PROFESSIONAL STYLING HAIR DRYER','WAHL SUPER DRY PROFESSIONAL STYLING HAIR DRYER',2199,'PERSONAL CARE AND HEALTH CARE','WAHL',1,25);
Insert into DEV.TBL_PRODUCT (ID,NAME,DESCRIPTION,PRICE,CATEGORY,BRAND,QUANTITY,RETAILER_ID) values (156,'HAVELLS HAIR STRAIGHTENER WITH TITANIUM COATED PLATES','HAVELLS HAIR STRAIGHTENER WITH TITANIUM COATED PLATES',1751,'PERSONAL CARE AND HEALTH CARE','HAVELLS',1,22);
REM INSERTING into DEV.TBL_PRODUCT_DISCOUNT
SET DEFINE OFF;
Insert into DEV.TBL_PRODUCT_DISCOUNT (ID,DISCOUNT_PERCENT,PRODUCT_ID) values (1,18,111);
Insert into DEV.TBL_PRODUCT_DISCOUNT (ID,DISCOUNT_PERCENT,PRODUCT_ID) values (2,16,110);
Insert into DEV.TBL_PRODUCT_DISCOUNT (ID,DISCOUNT_PERCENT,PRODUCT_ID) values (3,19,109);
Insert into DEV.TBL_PRODUCT_DISCOUNT (ID,DISCOUNT_PERCENT,PRODUCT_ID) values (4,15,108);
Insert into DEV.TBL_PRODUCT_DISCOUNT (ID,DISCOUNT_PERCENT,PRODUCT_ID) values (5,12,107);
Insert into DEV.TBL_PRODUCT_DISCOUNT (ID,DISCOUNT_PERCENT,PRODUCT_ID) values (6,27,103);
Insert into DEV.TBL_PRODUCT_DISCOUNT (ID,DISCOUNT_PERCENT,PRODUCT_ID) values (7,35,102);
Insert into DEV.TBL_PRODUCT_DISCOUNT (ID,DISCOUNT_PERCENT,PRODUCT_ID) values (21,17,87);
Insert into DEV.TBL_PRODUCT_DISCOUNT (ID,DISCOUNT_PERCENT,PRODUCT_ID) values (22,14,86);
Insert into DEV.TBL_PRODUCT_DISCOUNT (ID,DISCOUNT_PERCENT,PRODUCT_ID) values (23,31,85);
REM INSERTING into DEV.TBL_PRODUCT_IMAGE
SET DEFINE OFF;
REM INSERTING into DEV.TBL_RETAILER
SET DEFINE OFF;
Insert into DEV.TBL_RETAILER (ID,NAME,EMAIL,PASSWORD,MOBILE_NUMBER,ADDRESS,CREATED_AT,APPROVED) values (101,'Vinayak','vinayak@gmail.com','vin123',6352419875,'Mumbai',to_timestamp('10-10-19 10:17:08.894000000 PM','DD-MM-RR HH12:MI:SSXFF AM'),0);
Insert into DEV.TBL_RETAILER (ID,NAME,EMAIL,PASSWORD,MOBILE_NUMBER,ADDRESS,CREATED_AT,APPROVED) values (1,'Rising Stars','stars@gmail.com','star123',9876543210,'Pune',to_timestamp('11-10-19 08:39:54.160000000 AM','DD-MM-RR HH12:MI:SSXFF AM'),0);
Insert into DEV.TBL_RETAILER (ID,NAME,EMAIL,PASSWORD,MOBILE_NUMBER,ADDRESS,CREATED_AT,APPROVED) values (2,'Oppo Mobiles','omobiles@gmail.com','oppo123',7562543210,'Mumbai',to_timestamp('11-10-19 08:45:52.962000000 AM','DD-MM-RR HH12:MI:SSXFF AM'),0);
Insert into DEV.TBL_RETAILER (ID,NAME,EMAIL,PASSWORD,MOBILE_NUMBER,ADDRESS,CREATED_AT,APPROVED) values (21,'Amit','amit@lti.com','amit123',8974563217,'Mahape',to_timestamp('10-10-19 06:59:50.229000000 PM','DD-MM-RR HH12:MI:SSXFF AM'),0);
Insert into DEV.TBL_RETAILER (ID,NAME,EMAIL,PASSWORD,MOBILE_NUMBER,ADDRESS,CREATED_AT,APPROVED) values (22,'Chaitanya','chaitanya@lti.com','chaitayna123',7812563287,'Thane',to_timestamp('10-10-19 09:37:02.121000000 PM','DD-MM-RR HH12:MI:SSXFF AM'),0);
Insert into DEV.TBL_RETAILER (ID,NAME,EMAIL,PASSWORD,MOBILE_NUMBER,ADDRESS,CREATED_AT,APPROVED) values (23,'Neel','neel@lti.com','neel123',8974543217,'Vasai',to_timestamp('10-10-19 09:37:07.085000000 PM','DD-MM-RR HH12:MI:SSXFF AM'),0);
Insert into DEV.TBL_RETAILER (ID,NAME,EMAIL,PASSWORD,MOBILE_NUMBER,ADDRESS,CREATED_AT,APPROVED) values (24,'Sarvesh','sarvesh@lti.com','sarvesh123',7974563217,'Sion',to_timestamp('10-10-19 09:37:11.102000000 PM','DD-MM-RR HH12:MI:SSXFF AM'),0);
Insert into DEV.TBL_RETAILER (ID,NAME,EMAIL,PASSWORD,MOBILE_NUMBER,ADDRESS,CREATED_AT,APPROVED) values (25,'Heli','heli@lti.com','heli123',9923563217,'Borivali',to_timestamp('10-10-19 09:37:14.761000000 PM','DD-MM-RR HH12:MI:SSXFF AM'),0);
REM INSERTING into DEV.TBL_USER
SET DEFINE OFF;
Insert into DEV.TBL_USER (ID,NAME,EMAIL,PASSWORD,MOBILE_NUMBER,ADDRESS,CREATED_AT,APPROVED) values (101,'Amit','amit@lti.com','amit123',8974563217,'Mahape',to_timestamp('10-10-19 06:59:50.229000000 PM','DD-MM-RR HH12:MI:SSXFF AM'),0);
Insert into DEV.TBL_USER (ID,NAME,EMAIL,PASSWORD,MOBILE_NUMBER,ADDRESS,CREATED_AT,APPROVED) values (102,'Chaitanya','chaitanya@lti.com','chaitayna123',7812563287,'Thane',to_timestamp('10-10-19 09:37:02.121000000 PM','DD-MM-RR HH12:MI:SSXFF AM'),0);
Insert into DEV.TBL_USER (ID,NAME,EMAIL,PASSWORD,MOBILE_NUMBER,ADDRESS,CREATED_AT,APPROVED) values (103,'Neel','neel@lti.com','neel123',8974543217,'Vasai',to_timestamp('10-10-19 09:37:07.085000000 PM','DD-MM-RR HH12:MI:SSXFF AM'),0);
Insert into DEV.TBL_USER (ID,NAME,EMAIL,PASSWORD,MOBILE_NUMBER,ADDRESS,CREATED_AT,APPROVED) values (104,'Sarvesh','sarvesh@lti.com','sarvesh123',7974563217,'Sion',to_timestamp('10-10-19 09:37:11.102000000 PM','DD-MM-RR HH12:MI:SSXFF AM'),0);
Insert into DEV.TBL_USER (ID,NAME,EMAIL,PASSWORD,MOBILE_NUMBER,ADDRESS,CREATED_AT,APPROVED) values (105,'Heli','heli@lti.com','heli123',9923563217,'Borivali',to_timestamp('10-10-19 09:37:14.761000000 PM','DD-MM-RR HH12:MI:SSXFF AM'),0);
REM INSERTING into DEV.TBL_WISHLIST
SET DEFINE OFF;
REM INSERTING into DEV.TBL_WISHLIST_PRODUCT
SET DEFINE OFF;
--------------------------------------------------------
--  Constraints for Table TBL_PRODUCT
--------------------------------------------------------

  ALTER TABLE "DEV"."TBL_PRODUCT" ADD CONSTRAINT "RETAILER_ID_NOT_NULL" CHECK (RETAILER_ID IS NOT NULL) ENABLE;
 
  ALTER TABLE "DEV"."TBL_PRODUCT" MODIFY ("NAME" NOT NULL ENABLE);
 
  ALTER TABLE "DEV"."TBL_PRODUCT" MODIFY ("PRICE" NOT NULL ENABLE);
 
  ALTER TABLE "DEV"."TBL_PRODUCT" MODIFY ("CATEGORY" NOT NULL ENABLE);
 
  ALTER TABLE "DEV"."TBL_PRODUCT" MODIFY ("BRAND" NOT NULL ENABLE);
 
  ALTER TABLE "DEV"."TBL_PRODUCT" ADD PRIMARY KEY ("ID")
  USING INDEX PCTFREE 10 INITRANS 2 MAXTRANS 255 
  STORAGE(INITIAL 65536 NEXT 1048576 MINEXTENTS 1 MAXEXTENTS 2147483645
  PCTINCREASE 0 FREELISTS 1 FREELIST GROUPS 1 BUFFER_POOL DEFAULT)
  TABLESPACE "SYSTEM"  ENABLE;
--------------------------------------------------------
--  Constraints for Table TBL_CART
--------------------------------------------------------

  ALTER TABLE "DEV"."TBL_CART" MODIFY ("TOTAL_QUANTITY" NOT NULL ENABLE);
 
  ALTER TABLE "DEV"."TBL_CART" MODIFY ("TOTAL_PRICE" NOT NULL ENABLE);
 
  ALTER TABLE "DEV"."TBL_CART" MODIFY ("USER_ID" NOT NULL ENABLE);
 
  ALTER TABLE "DEV"."TBL_CART" ADD PRIMARY KEY ("ID")
  USING INDEX PCTFREE 10 INITRANS 2 MAXTRANS 255 
  STORAGE(INITIAL 65536 NEXT 1048576 MINEXTENTS 1 MAXEXTENTS 2147483645
  PCTINCREASE 0 FREELISTS 1 FREELIST GROUPS 1 BUFFER_POOL DEFAULT)
  TABLESPACE "SYSTEM"  ENABLE;
--------------------------------------------------------
--  Constraints for Table TBL_RETAILER
--------------------------------------------------------

  ALTER TABLE "DEV"."TBL_RETAILER" MODIFY ("NAME" NOT NULL ENABLE);
 
  ALTER TABLE "DEV"."TBL_RETAILER" MODIFY ("EMAIL" NOT NULL ENABLE);
 
  ALTER TABLE "DEV"."TBL_RETAILER" MODIFY ("PASSWORD" NOT NULL ENABLE);
 
  ALTER TABLE "DEV"."TBL_RETAILER" MODIFY ("MOBILE_NUMBER" NOT NULL ENABLE);
 
  ALTER TABLE "DEV"."TBL_RETAILER" MODIFY ("ADDRESS" NOT NULL ENABLE);
 
  ALTER TABLE "DEV"."TBL_RETAILER" ADD PRIMARY KEY ("ID")
  USING INDEX PCTFREE 10 INITRANS 2 MAXTRANS 255 
  STORAGE(INITIAL 65536 NEXT 1048576 MINEXTENTS 1 MAXEXTENTS 2147483645
  PCTINCREASE 0 FREELISTS 1 FREELIST GROUPS 1 BUFFER_POOL DEFAULT)
  TABLESPACE "SYSTEM"  ENABLE;
 
  ALTER TABLE "DEV"."TBL_RETAILER" ADD UNIQUE ("EMAIL")
  USING INDEX PCTFREE 10 INITRANS 2 MAXTRANS 255 
  STORAGE(INITIAL 65536 NEXT 1048576 MINEXTENTS 1 MAXEXTENTS 2147483645
  PCTINCREASE 0 FREELISTS 1 FREELIST GROUPS 1 BUFFER_POOL DEFAULT)
  TABLESPACE "SYSTEM"  ENABLE;
 
  ALTER TABLE "DEV"."TBL_RETAILER" ADD UNIQUE ("MOBILE_NUMBER")
  USING INDEX PCTFREE 10 INITRANS 2 MAXTRANS 255 
  STORAGE(INITIAL 65536 NEXT 1048576 MINEXTENTS 1 MAXEXTENTS 2147483645
  PCTINCREASE 0 FREELISTS 1 FREELIST GROUPS 1 BUFFER_POOL DEFAULT)
  TABLESPACE "SYSTEM"  ENABLE;
 
  ALTER TABLE "DEV"."TBL_RETAILER" MODIFY ("CREATED_AT" NOT NULL ENABLE);
 
  ALTER TABLE "DEV"."TBL_RETAILER" MODIFY ("APPROVED" NOT NULL ENABLE);
--------------------------------------------------------
--  Constraints for Table TBL_PRODUCT_DISCOUNT
--------------------------------------------------------

  ALTER TABLE "DEV"."TBL_PRODUCT_DISCOUNT" ADD PRIMARY KEY ("ID")
  USING INDEX PCTFREE 10 INITRANS 2 MAXTRANS 255 
  STORAGE(INITIAL 65536 NEXT 1048576 MINEXTENTS 1 MAXEXTENTS 2147483645
  PCTINCREASE 0 FREELISTS 1 FREELIST GROUPS 1 BUFFER_POOL DEFAULT)
  TABLESPACE "SYSTEM"  ENABLE;
--------------------------------------------------------
--  Constraints for Table TBL_PRODUCT_IMAGE
--------------------------------------------------------

  ALTER TABLE "DEV"."TBL_PRODUCT_IMAGE" ADD CONSTRAINT "PRODUCT_ID_NOT_NULL" CHECK (PRODUCT_ID IS NOT NULL) ENABLE;
 
  ALTER TABLE "DEV"."TBL_PRODUCT_IMAGE" MODIFY ("IMAGE_PATH" NOT NULL ENABLE);
 
  ALTER TABLE "DEV"."TBL_PRODUCT_IMAGE" ADD PRIMARY KEY ("ID")
  USING INDEX PCTFREE 10 INITRANS 2 MAXTRANS 255 
  STORAGE(INITIAL 65536 NEXT 1048576 MINEXTENTS 1 MAXEXTENTS 2147483645
  PCTINCREASE 0 FREELISTS 1 FREELIST GROUPS 1 BUFFER_POOL DEFAULT)
  TABLESPACE "SYSTEM"  ENABLE;
--------------------------------------------------------
--  Constraints for Table TBL_WISHLIST
--------------------------------------------------------

  ALTER TABLE "DEV"."TBL_WISHLIST" MODIFY ("USER_ID" NOT NULL ENABLE);
 
  ALTER TABLE "DEV"."TBL_WISHLIST" ADD PRIMARY KEY ("ID")
  USING INDEX PCTFREE 10 INITRANS 2 MAXTRANS 255 
  STORAGE(INITIAL 65536 NEXT 1048576 MINEXTENTS 1 MAXEXTENTS 2147483645
  PCTINCREASE 0 FREELISTS 1 FREELIST GROUPS 1 BUFFER_POOL DEFAULT)
  TABLESPACE "SYSTEM"  ENABLE;
--------------------------------------------------------
--  Constraints for Table TBL_CART_PRODUCT
--------------------------------------------------------

  ALTER TABLE "DEV"."TBL_CART_PRODUCT" MODIFY ("PRODUCT_ID" NOT NULL ENABLE);
 
  ALTER TABLE "DEV"."TBL_CART_PRODUCT" MODIFY ("CART_ID" NOT NULL ENABLE);
 
  ALTER TABLE "DEV"."TBL_CART_PRODUCT" ADD PRIMARY KEY ("ID")
  USING INDEX PCTFREE 10 INITRANS 2 MAXTRANS 255 
  STORAGE(INITIAL 65536 NEXT 1048576 MINEXTENTS 1 MAXEXTENTS 2147483645
  PCTINCREASE 0 FREELISTS 1 FREELIST GROUPS 1 BUFFER_POOL DEFAULT)
  TABLESPACE "SYSTEM"  ENABLE;
--------------------------------------------------------
--  Constraints for Table TBL_USER
--------------------------------------------------------

  ALTER TABLE "DEV"."TBL_USER" MODIFY ("NAME" NOT NULL ENABLE);
 
  ALTER TABLE "DEV"."TBL_USER" MODIFY ("EMAIL" NOT NULL ENABLE);
 
  ALTER TABLE "DEV"."TBL_USER" MODIFY ("PASSWORD" NOT NULL ENABLE);
 
  ALTER TABLE "DEV"."TBL_USER" MODIFY ("MOBILE_NUMBER" NOT NULL ENABLE);
 
  ALTER TABLE "DEV"."TBL_USER" MODIFY ("ADDRESS" NOT NULL ENABLE);
 
  ALTER TABLE "DEV"."TBL_USER" ADD PRIMARY KEY ("ID")
  USING INDEX PCTFREE 10 INITRANS 2 MAXTRANS 255 
  STORAGE(INITIAL 65536 NEXT 1048576 MINEXTENTS 1 MAXEXTENTS 2147483645
  PCTINCREASE 0 FREELISTS 1 FREELIST GROUPS 1 BUFFER_POOL DEFAULT)
  TABLESPACE "SYSTEM"  ENABLE;
 
  ALTER TABLE "DEV"."TBL_USER" ADD UNIQUE ("EMAIL")
  USING INDEX PCTFREE 10 INITRANS 2 MAXTRANS 255 
  STORAGE(INITIAL 65536 NEXT 1048576 MINEXTENTS 1 MAXEXTENTS 2147483645
  PCTINCREASE 0 FREELISTS 1 FREELIST GROUPS 1 BUFFER_POOL DEFAULT)
  TABLESPACE "SYSTEM"  ENABLE;
 
  ALTER TABLE "DEV"."TBL_USER" ADD UNIQUE ("MOBILE_NUMBER")
  USING INDEX PCTFREE 10 INITRANS 2 MAXTRANS 255 
  STORAGE(INITIAL 65536 NEXT 1048576 MINEXTENTS 1 MAXEXTENTS 2147483645
  PCTINCREASE 0 FREELISTS 1 FREELIST GROUPS 1 BUFFER_POOL DEFAULT)
  TABLESPACE "SYSTEM"  ENABLE;
 
  ALTER TABLE "DEV"."TBL_USER" MODIFY ("CREATED_AT" NOT NULL ENABLE);
 
  ALTER TABLE "DEV"."TBL_USER" MODIFY ("APPROVED" NOT NULL ENABLE);
--------------------------------------------------------
--  Constraints for Table TBL_ORDER
--------------------------------------------------------

  ALTER TABLE "DEV"."TBL_ORDER" MODIFY ("ORDERED_ON" NOT NULL ENABLE);
 
  ALTER TABLE "DEV"."TBL_ORDER" MODIFY ("TOTAL_PRICE" NOT NULL ENABLE);
 
  ALTER TABLE "DEV"."TBL_ORDER" MODIFY ("MODE_OF_PAYMENT" NOT NULL ENABLE);
 
  ALTER TABLE "DEV"."TBL_ORDER" MODIFY ("CART_ID" NOT NULL ENABLE);
 
  ALTER TABLE "DEV"."TBL_ORDER" ADD PRIMARY KEY ("ID")
  USING INDEX PCTFREE 10 INITRANS 2 MAXTRANS 255 
  STORAGE(INITIAL 65536 NEXT 1048576 MINEXTENTS 1 MAXEXTENTS 2147483645
  PCTINCREASE 0 FREELISTS 1 FREELIST GROUPS 1 BUFFER_POOL DEFAULT)
  TABLESPACE "SYSTEM"  ENABLE;
--------------------------------------------------------
--  Constraints for Table TBL_WISHLIST_PRODUCT
--------------------------------------------------------

  ALTER TABLE "DEV"."TBL_WISHLIST_PRODUCT" MODIFY ("PRODUCT_ID" NOT NULL ENABLE);
 
  ALTER TABLE "DEV"."TBL_WISHLIST_PRODUCT" MODIFY ("QUANTITY" NOT NULL ENABLE);
 
  ALTER TABLE "DEV"."TBL_WISHLIST_PRODUCT" ADD PRIMARY KEY ("ID")
  USING INDEX PCTFREE 10 INITRANS 2 MAXTRANS 255 
  STORAGE(INITIAL 65536 NEXT 1048576 MINEXTENTS 1 MAXEXTENTS 2147483645
  PCTINCREASE 0 FREELISTS 1 FREELIST GROUPS 1 BUFFER_POOL DEFAULT)
  TABLESPACE "SYSTEM"  ENABLE;
--------------------------------------------------------
--  Ref Constraints for Table TBL_CART
--------------------------------------------------------

  ALTER TABLE "DEV"."TBL_CART" ADD CONSTRAINT "USER_CART_FK" FOREIGN KEY ("USER_ID")
	  REFERENCES "DEV"."TBL_USER" ("ID") ENABLE;
--------------------------------------------------------
--  Ref Constraints for Table TBL_CART_PRODUCT
--------------------------------------------------------

  ALTER TABLE "DEV"."TBL_CART_PRODUCT" ADD CONSTRAINT "CART_CART_PRODUCT_FK" FOREIGN KEY ("CART_ID")
	  REFERENCES "DEV"."TBL_CART" ("ID") ENABLE;
 
  ALTER TABLE "DEV"."TBL_CART_PRODUCT" ADD CONSTRAINT "PRODUCT_CART_PRODUCT_FK" FOREIGN KEY ("PRODUCT_ID")
	  REFERENCES "DEV"."TBL_PRODUCT" ("ID") ENABLE;
--------------------------------------------------------
--  Ref Constraints for Table TBL_ORDER
--------------------------------------------------------

  ALTER TABLE "DEV"."TBL_ORDER" ADD CONSTRAINT "CART_ORDER_FK" FOREIGN KEY ("CART_ID")
	  REFERENCES "DEV"."TBL_CART" ("ID") ENABLE;
--------------------------------------------------------
--  Ref Constraints for Table TBL_PRODUCT
--------------------------------------------------------

  ALTER TABLE "DEV"."TBL_PRODUCT" ADD CONSTRAINT "PRODUCT_RETAILER_FK" FOREIGN KEY ("RETAILER_ID")
	  REFERENCES "DEV"."TBL_RETAILER" ("ID") ENABLE;
--------------------------------------------------------
--  Ref Constraints for Table TBL_PRODUCT_DISCOUNT
--------------------------------------------------------

  ALTER TABLE "DEV"."TBL_PRODUCT_DISCOUNT" ADD CONSTRAINT "DISCOUNT_PRODUCT_FK" FOREIGN KEY ("PRODUCT_ID")
	  REFERENCES "DEV"."TBL_PRODUCT" ("ID") ENABLE;
--------------------------------------------------------
--  Ref Constraints for Table TBL_PRODUCT_IMAGE
--------------------------------------------------------

  ALTER TABLE "DEV"."TBL_PRODUCT_IMAGE" ADD CONSTRAINT "IMAGE_PRODUCT_FK" FOREIGN KEY ("PRODUCT_ID")
	  REFERENCES "DEV"."TBL_PRODUCT" ("ID") ENABLE;
--------------------------------------------------------
--  Ref Constraints for Table TBL_WISHLIST
--------------------------------------------------------

  ALTER TABLE "DEV"."TBL_WISHLIST" ADD CONSTRAINT "WISHLIST_USER_FK" FOREIGN KEY ("USER_ID")
	  REFERENCES "DEV"."TBL_USER" ("ID") ENABLE;
--------------------------------------------------------
--  Ref Constraints for Table TBL_WISHLIST_PRODUCT
--------------------------------------------------------

  ALTER TABLE "DEV"."TBL_WISHLIST_PRODUCT" ADD CONSTRAINT "WISHLIST_PRODUCT_FK" FOREIGN KEY ("PRODUCT_ID")
	  REFERENCES "DEV"."TBL_PRODUCT" ("ID") ENABLE;
--------------------------------------------------------
--  DDL for Trigger CART_ON_INSERT
--------------------------------------------------------

  CREATE OR REPLACE TRIGGER "DEV"."CART_ON_INSERT" 
  before insert on tbl_cart
  for each row
begin
  select cart_sequence.nextval
  into :new.id
  from dual;
end;
/
ALTER TRIGGER "DEV"."CART_ON_INSERT" ENABLE;
--------------------------------------------------------
--  DDL for Trigger CART_PRODUCT_ON_INSERT
--------------------------------------------------------

  CREATE OR REPLACE TRIGGER "DEV"."CART_PRODUCT_ON_INSERT" 
  BEFORE INSERT ON tbl_cart_product
  FOR EACH ROW
BEGIN
  SELECT order_sequence.nextval
  INTO :new.id
  FROM dual;
END;
/
ALTER TRIGGER "DEV"."CART_PRODUCT_ON_INSERT" ENABLE;
--------------------------------------------------------
--  DDL for Trigger ORDER_ON_INSERT
--------------------------------------------------------

  CREATE OR REPLACE TRIGGER "DEV"."ORDER_ON_INSERT" 
  BEFORE INSERT ON tbl_order
  FOR EACH ROW
BEGIN
  SELECT order_sequence.nextval
  INTO :new.id
  FROM dual;
END;
/
ALTER TRIGGER "DEV"."ORDER_ON_INSERT" ENABLE;
--------------------------------------------------------
--  DDL for Trigger PRODUCT_DISCOUNT_ON_INSERT
--------------------------------------------------------

  CREATE OR REPLACE TRIGGER "DEV"."PRODUCT_DISCOUNT_ON_INSERT" 
  BEFORE INSERT ON tbl_product_discount
  FOR EACH ROW
BEGIN
  SELECT order_sequence.nextval
  INTO :new.id
  FROM dual;
END;
/
ALTER TRIGGER "DEV"."PRODUCT_DISCOUNT_ON_INSERT" ENABLE;
--------------------------------------------------------
--  DDL for Trigger PRODUCT_IMAGE_ON_INSERT
--------------------------------------------------------

  CREATE OR REPLACE TRIGGER "DEV"."PRODUCT_IMAGE_ON_INSERT" 
  BEFORE INSERT ON tbl_product_image
  FOR EACH ROW
BEGIN
  SELECT order_sequence.nextval
  INTO :new.id
  FROM dual;
END;
/
ALTER TRIGGER "DEV"."PRODUCT_IMAGE_ON_INSERT" ENABLE;
--------------------------------------------------------
--  DDL for Trigger PRODUCT_ON_INSERT
--------------------------------------------------------

  CREATE OR REPLACE TRIGGER "DEV"."PRODUCT_ON_INSERT" 
  BEFORE INSERT ON tbl_product
  FOR EACH ROW
BEGIN
  SELECT product_sequence.nextval
  INTO :new.id
  FROM dual;
END;
/
ALTER TRIGGER "DEV"."PRODUCT_ON_INSERT" ENABLE;
--------------------------------------------------------
--  DDL for Trigger RETAILER_ON_INSERT
--------------------------------------------------------

  CREATE OR REPLACE TRIGGER "DEV"."RETAILER_ON_INSERT" 
  before insert on tbl_retailer
  for each row
begin
  select retailer_sequence.nextval
  into :new.id
  from dual;
end;
/
ALTER TRIGGER "DEV"."RETAILER_ON_INSERT" ENABLE;
--------------------------------------------------------
--  DDL for Trigger USER_ON_INSERT
--------------------------------------------------------

  CREATE OR REPLACE TRIGGER "DEV"."USER_ON_INSERT" 
  before insert on tbl_user
  for each row
begin
  select user_sequence.nextval
  into :new.id
  from dual;
end;
/
ALTER TRIGGER "DEV"."USER_ON_INSERT" ENABLE;
--------------------------------------------------------
--  DDL for Trigger WISHLIST_ON_INSERT
--------------------------------------------------------

  CREATE OR REPLACE TRIGGER "DEV"."WISHLIST_ON_INSERT" BEFORE INSERT ON TBL_WISHLIST FOR EACH ROW
BEGIN
SELECT WISHLIST_SEQUENCE.NEXTVAL INTO :NEW.ID FROM DUAL;
END;
/
ALTER TRIGGER "DEV"."WISHLIST_ON_INSERT" ENABLE;
--------------------------------------------------------
--  DDL for Trigger WISHLIST_PRODUCT_ON_INSERT
--------------------------------------------------------

  CREATE OR REPLACE TRIGGER "DEV"."WISHLIST_PRODUCT_ON_INSERT" BEFORE INSERT ON TBL_WISHLIST_PRODUCT FOR EACH ROW
BEGIN
SELECT WISHLIST_PRODUCT_SEQUENCE.NEXTVAL INTO :NEW.ID FROM DUAL;
END;
/
ALTER TRIGGER "DEV"."WISHLIST_PRODUCT_ON_INSERT" ENABLE;
