--------------------------------------------------------
--  File created - Monday-October-28-2019   
--------------------------------------------------------
DROP TABLE "GLAD_DEV"."TBL_ADMIN" cascade constraints;
DROP TABLE "GLAD_DEV"."TBL_CART" cascade constraints;
DROP TABLE "GLAD_DEV"."TBL_CART_PRODUCT" cascade constraints;
DROP TABLE "GLAD_DEV"."TBL_ORDER" cascade constraints;
DROP TABLE "GLAD_DEV"."TBL_PRODUCT" cascade constraints;
DROP TABLE "GLAD_DEV"."TBL_PRODUCT_DISCOUNT" cascade constraints;
DROP TABLE "GLAD_DEV"."TBL_PRODUCT_IMAGE" cascade constraints;
DROP TABLE "GLAD_DEV"."TBL_RETAILER" cascade constraints;
DROP TABLE "GLAD_DEV"."TBL_REVIEW" cascade constraints;
DROP TABLE "GLAD_DEV"."TBL_USER" cascade constraints;
DROP SEQUENCE "GLAD_DEV"."CART_PRODUCT_SEQUENCE";
DROP SEQUENCE "GLAD_DEV"."CART_SEQUENCE";
DROP SEQUENCE "GLAD_DEV"."ORDER_SEQUENCE";
DROP SEQUENCE "GLAD_DEV"."PRODUCT_DISCOUNT_SEQUENCE";
DROP SEQUENCE "GLAD_DEV"."PRODUCT_IMAGE_SEQUENCE";
DROP SEQUENCE "GLAD_DEV"."PRODUCT_SEQUENCE";
DROP SEQUENCE "GLAD_DEV"."RETAILER_SEQUENCE";
DROP SEQUENCE "GLAD_DEV"."REVIEW_SEQUENCE";
DROP SEQUENCE "GLAD_DEV"."USER_SEQUENCE";
DROP SEQUENCE "GLAD_DEV"."WISHLIST_PRODUCT_SEQUENCE";
DROP SEQUENCE "GLAD_DEV"."WISHLIST_SEQUENCE";
--------------------------------------------------------
--  DDL for Sequence CART_PRODUCT_SEQUENCE
--------------------------------------------------------

   CREATE SEQUENCE  "GLAD_DEV"."CART_PRODUCT_SEQUENCE"  MINVALUE 1 MAXVALUE 999999999999999999999999999 INCREMENT BY 1 START WITH 141 CACHE 20 NOORDER  NOCYCLE ;
--------------------------------------------------------
--  DDL for Sequence CART_SEQUENCE
--------------------------------------------------------

   CREATE SEQUENCE  "GLAD_DEV"."CART_SEQUENCE"  MINVALUE 1 MAXVALUE 999999999999999999999999999 INCREMENT BY 1 START WITH 121 CACHE 20 NOORDER  NOCYCLE ;
--------------------------------------------------------
--  DDL for Sequence ORDER_SEQUENCE
--------------------------------------------------------

   CREATE SEQUENCE  "GLAD_DEV"."ORDER_SEQUENCE"  MINVALUE 1 MAXVALUE 999999999999999999999999999 INCREMENT BY 1 START WITH 201 CACHE 20 NOORDER  NOCYCLE ;
--------------------------------------------------------
--  DDL for Sequence PRODUCT_DISCOUNT_SEQUENCE
--------------------------------------------------------

   CREATE SEQUENCE  "GLAD_DEV"."PRODUCT_DISCOUNT_SEQUENCE"  MINVALUE 1 MAXVALUE 999999999999999999999999999 INCREMENT BY 1 START WITH 21 CACHE 20 NOORDER  NOCYCLE ;
--------------------------------------------------------
--  DDL for Sequence PRODUCT_IMAGE_SEQUENCE
--------------------------------------------------------

   CREATE SEQUENCE  "GLAD_DEV"."PRODUCT_IMAGE_SEQUENCE"  MINVALUE 1 MAXVALUE 999999999999999999999999999 INCREMENT BY 1 START WITH 1 CACHE 20 NOORDER  NOCYCLE ;
--------------------------------------------------------
--  DDL for Sequence PRODUCT_SEQUENCE
--------------------------------------------------------

   CREATE SEQUENCE  "GLAD_DEV"."PRODUCT_SEQUENCE"  MINVALUE 1 MAXVALUE 999999999999999999999999999 INCREMENT BY 1 START WITH 321 CACHE 20 NOORDER  NOCYCLE ;
--------------------------------------------------------
--  DDL for Sequence RETAILER_SEQUENCE
--------------------------------------------------------

   CREATE SEQUENCE  "GLAD_DEV"."RETAILER_SEQUENCE"  MINVALUE 1 MAXVALUE 999999999999999999999999999 INCREMENT BY 1 START WITH 81 CACHE 20 NOORDER  NOCYCLE ;
--------------------------------------------------------
--  DDL for Sequence REVIEW_SEQUENCE
--------------------------------------------------------

   CREATE SEQUENCE  "GLAD_DEV"."REVIEW_SEQUENCE"  MINVALUE 1 MAXVALUE 9999999999999999999999999999 INCREMENT BY 1 START WITH 1 CACHE 20 NOORDER  NOCYCLE ;
--------------------------------------------------------
--  DDL for Sequence USER_SEQUENCE
--------------------------------------------------------

   CREATE SEQUENCE  "GLAD_DEV"."USER_SEQUENCE"  MINVALUE 1 MAXVALUE 999999999999999999999999999 INCREMENT BY 1 START WITH 261 CACHE 20 NOORDER  NOCYCLE ;
--------------------------------------------------------
--  DDL for Sequence WISHLIST_PRODUCT_SEQUENCE
--------------------------------------------------------

   CREATE SEQUENCE  "GLAD_DEV"."WISHLIST_PRODUCT_SEQUENCE"  MINVALUE 1 MAXVALUE 999999999999999999999999999 INCREMENT BY 1 START WITH 21 CACHE 20 NOORDER  NOCYCLE ;
--------------------------------------------------------
--  DDL for Sequence WISHLIST_SEQUENCE
--------------------------------------------------------

   CREATE SEQUENCE  "GLAD_DEV"."WISHLIST_SEQUENCE"  MINVALUE 1 MAXVALUE 999999999999999999999999999 INCREMENT BY 1 START WITH 21 CACHE 20 NOORDER  NOCYCLE ;
--------------------------------------------------------
--  DDL for Table TBL_ADMIN
--------------------------------------------------------

  CREATE TABLE "GLAD_DEV"."TBL_ADMIN" 
   (	"ID" NUMBER(10,0), 
	"USERNAME" VARCHAR2(100 BYTE), 
	"PASSWORD" VARCHAR2(255 BYTE)
   ) PCTFREE 10 PCTUSED 40 INITRANS 1 MAXTRANS 255 NOCOMPRESS LOGGING
  STORAGE(INITIAL 65536 NEXT 1048576 MINEXTENTS 1 MAXEXTENTS 2147483645
  PCTINCREASE 0 FREELISTS 1 FREELIST GROUPS 1 BUFFER_POOL DEFAULT)
  TABLESPACE "SYSTEM" ;
--------------------------------------------------------
--  DDL for Table TBL_CART
--------------------------------------------------------

  CREATE TABLE "GLAD_DEV"."TBL_CART" 
   (	"ID" NUMBER(10,0), 
	"TOTAL_QUANTITY" NUMBER(10,0), 
	"TOTAL_PRICE" NUMBER(8,2), 
	"USER_ID" NUMBER(10,0)
   ) PCTFREE 10 PCTUSED 40 INITRANS 1 MAXTRANS 255 NOCOMPRESS LOGGING
  STORAGE(INITIAL 65536 NEXT 1048576 MINEXTENTS 1 MAXEXTENTS 2147483645
  PCTINCREASE 0 FREELISTS 1 FREELIST GROUPS 1 BUFFER_POOL DEFAULT)
  TABLESPACE "SYSTEM" ;
--------------------------------------------------------
--  DDL for Table TBL_CART_PRODUCT
--------------------------------------------------------

  CREATE TABLE "GLAD_DEV"."TBL_CART_PRODUCT" 
   (	"ID" NUMBER(10,0), 
	"QUANTITY" NUMBER(2,0), 
	"PRODUCT_ID" NUMBER(10,0), 
	"CART_ID" NUMBER(10,0)
   ) PCTFREE 10 PCTUSED 40 INITRANS 1 MAXTRANS 255 NOCOMPRESS LOGGING
  STORAGE(INITIAL 65536 NEXT 1048576 MINEXTENTS 1 MAXEXTENTS 2147483645
  PCTINCREASE 0 FREELISTS 1 FREELIST GROUPS 1 BUFFER_POOL DEFAULT)
  TABLESPACE "SYSTEM" ;
--------------------------------------------------------
--  DDL for Table TBL_ORDER
--------------------------------------------------------

  CREATE TABLE "GLAD_DEV"."TBL_ORDER" 
   (	"ID" NUMBER(10,0), 
	"ORDERED_ON" TIMESTAMP (6) DEFAULT CURRENT_TIMESTAMP, 
	"TOTAL_PRICE" NUMBER(8,2), 
	"MODE_OF_PAYMENT" VARCHAR2(20 BYTE), 
	"CART_ID" NUMBER(10,0)
   ) PCTFREE 10 PCTUSED 40 INITRANS 1 MAXTRANS 255 NOCOMPRESS LOGGING
  STORAGE(INITIAL 65536 NEXT 1048576 MINEXTENTS 1 MAXEXTENTS 2147483645
  PCTINCREASE 0 FREELISTS 1 FREELIST GROUPS 1 BUFFER_POOL DEFAULT)
  TABLESPACE "SYSTEM" ;
--------------------------------------------------------
--  DDL for Table TBL_PRODUCT
--------------------------------------------------------

  CREATE TABLE "GLAD_DEV"."TBL_PRODUCT" 
   (	"ID" NUMBER(10,0), 
	"NAME" VARCHAR2(100 BYTE), 
	"DESCRIPTION" VARCHAR2(2000 BYTE), 
	"PRICE" NUMBER(8,2), 
	"CATEGORY" VARCHAR2(50 BYTE), 
	"BRAND" VARCHAR2(50 BYTE), 
	"QUANTITY" NUMBER(5,0), 
	"RETAILER_ID" NUMBER(10,0), 
	"DISCOUNT" NUMBER(2,0), 
	"IMAGE_PATH" VARCHAR2(2000 BYTE)
   ) PCTFREE 10 PCTUSED 40 INITRANS 1 MAXTRANS 255 NOCOMPRESS LOGGING
  STORAGE(INITIAL 65536 NEXT 1048576 MINEXTENTS 1 MAXEXTENTS 2147483645
  PCTINCREASE 0 FREELISTS 1 FREELIST GROUPS 1 BUFFER_POOL DEFAULT)
  TABLESPACE "SYSTEM" ;
--------------------------------------------------------
--  DDL for Table TBL_PRODUCT_DISCOUNT
--------------------------------------------------------

  CREATE TABLE "GLAD_DEV"."TBL_PRODUCT_DISCOUNT" 
   (	"ID" NUMBER(10,0), 
	"DISCOUNT_PERCENT" NUMBER(2,0), 
	"PRODUCT_ID" NUMBER(10,0)
   ) PCTFREE 10 PCTUSED 40 INITRANS 1 MAXTRANS 255 NOCOMPRESS LOGGING
  STORAGE(INITIAL 65536 NEXT 1048576 MINEXTENTS 1 MAXEXTENTS 2147483645
  PCTINCREASE 0 FREELISTS 1 FREELIST GROUPS 1 BUFFER_POOL DEFAULT)
  TABLESPACE "SYSTEM" ;
--------------------------------------------------------
--  DDL for Table TBL_PRODUCT_IMAGE
--------------------------------------------------------

  CREATE TABLE "GLAD_DEV"."TBL_PRODUCT_IMAGE" 
   (	"ID" NUMBER(10,0), 
	"IMAGE_PATH" VARCHAR2(255 BYTE), 
	"PRODUCT_ID" NUMBER(10,0)
   ) PCTFREE 10 PCTUSED 40 INITRANS 1 MAXTRANS 255 NOCOMPRESS LOGGING
  STORAGE(INITIAL 65536 NEXT 1048576 MINEXTENTS 1 MAXEXTENTS 2147483645
  PCTINCREASE 0 FREELISTS 1 FREELIST GROUPS 1 BUFFER_POOL DEFAULT)
  TABLESPACE "SYSTEM" ;
--------------------------------------------------------
--  DDL for Table TBL_RETAILER
--------------------------------------------------------

  CREATE TABLE "GLAD_DEV"."TBL_RETAILER" 
   (	"ID" NUMBER(10,0), 
	"NAME" VARCHAR2(50 BYTE), 
	"EMAIL" VARCHAR2(100 BYTE), 
	"PASSWORD" VARCHAR2(255 BYTE), 
	"MOBILE_NUMBER" NUMBER(10,0), 
	"ADDRESS" VARCHAR2(255 BYTE), 
	"CREATED_AT" TIMESTAMP (6) DEFAULT CURRENT_TIMESTAMP, 
	"APPROVED" NUMBER(1,0) DEFAULT 0, 
	"SHOP_NAME" VARCHAR2(255 BYTE)
   ) PCTFREE 10 PCTUSED 40 INITRANS 1 MAXTRANS 255 NOCOMPRESS LOGGING
  STORAGE(INITIAL 65536 NEXT 1048576 MINEXTENTS 1 MAXEXTENTS 2147483645
  PCTINCREASE 0 FREELISTS 1 FREELIST GROUPS 1 BUFFER_POOL DEFAULT)
  TABLESPACE "SYSTEM" ;
--------------------------------------------------------
--  DDL for Table TBL_REVIEW
--------------------------------------------------------

  CREATE TABLE "GLAD_DEV"."TBL_REVIEW" 
   (	"ID" NUMBER(10,0), 
	"REVIEW" VARCHAR2(255 BYTE), 
	"USER_ID" NUMBER(10,0), 
	"PRODUCT_ID" NUMBER(10,0)
   ) PCTFREE 10 PCTUSED 40 INITRANS 1 MAXTRANS 255 NOCOMPRESS LOGGING
  STORAGE(INITIAL 65536 NEXT 1048576 MINEXTENTS 1 MAXEXTENTS 2147483645
  PCTINCREASE 0 FREELISTS 1 FREELIST GROUPS 1 BUFFER_POOL DEFAULT)
  TABLESPACE "SYSTEM" ;
--------------------------------------------------------
--  DDL for Table TBL_USER
--------------------------------------------------------

  CREATE TABLE "GLAD_DEV"."TBL_USER" 
   (	"ID" NUMBER(10,0), 
	"NAME" VARCHAR2(50 BYTE), 
	"EMAIL" VARCHAR2(100 BYTE), 
	"PASSWORD" VARCHAR2(255 BYTE), 
	"MOBILE_NUMBER" NUMBER(10,0), 
	"ADDRESS" VARCHAR2(255 BYTE), 
	"CREATED_AT" TIMESTAMP (6) DEFAULT CURRENT_TIMESTAMP, 
	"APPROVED" NUMBER(1,0) DEFAULT 0
   ) PCTFREE 10 PCTUSED 40 INITRANS 1 MAXTRANS 255 NOCOMPRESS LOGGING
  STORAGE(INITIAL 65536 NEXT 1048576 MINEXTENTS 1 MAXEXTENTS 2147483645
  PCTINCREASE 0 FREELISTS 1 FREELIST GROUPS 1 BUFFER_POOL DEFAULT)
  TABLESPACE "SYSTEM" ;
REM INSERTING into GLAD_DEV.TBL_ADMIN
SET DEFINE OFF;
Insert into GLAD_DEV.TBL_ADMIN (ID,USERNAME,PASSWORD) values (1,'admin','$s0$41010$W/VF81tMj7GWay59ur0kPw==$rtizyoPLmvk0heSC6X+mj3LWTPK+eFe9pb7voe2HPk0=');
REM INSERTING into GLAD_DEV.TBL_CART
SET DEFINE OFF;
Insert into GLAD_DEV.TBL_CART (ID,TOTAL_QUANTITY,TOTAL_PRICE,USER_ID) values (116,0,0,142);
REM INSERTING into GLAD_DEV.TBL_CART_PRODUCT
SET DEFINE OFF;
REM INSERTING into GLAD_DEV.TBL_ORDER
SET DEFINE OFF;
REM INSERTING into GLAD_DEV.TBL_PRODUCT
SET DEFINE OFF;
Insert into GLAD_DEV.TBL_PRODUCT (ID,NAME,DESCRIPTION,PRICE,CATEGORY,BRAND,QUANTITY,RETAILER_ID,DISCOUNT,IMAGE_PATH) values (229,'Redmi Note 7 Pro (Astro Moonlight White, 64 GB)  (4 GB RAM)','It''s time to go big with the Redmi Note 7 Pro''s 16-cm (6.3) FHD+ Dot Notch display. Powered by a 2.0 GHz Qualcomm Snapdragon 675 processor and 4 GB of RAM, this smartphone lets you experience the next level of performance and control. With a (48 MP + 5 MP) dual-rear camera, a 13 MP front camera, and features such as Face Unlock and 4K Video Recording, the Redmi Note 7 Pro truly puts a new spin on your smartphone experience.',15999,'Mobile','Redmi',100,64,25,'1572300000-mi-redmi-note-7-pro-mzb8433in-original-imafj36gfh9gfr7g.jpeg');
Insert into GLAD_DEV.TBL_PRODUCT (ID,NAME,DESCRIPTION,PRICE,CATEGORY,BRAND,QUANTITY,RETAILER_ID,DISCOUNT,IMAGE_PATH) values (233,'AMUL BUTTER 500GM','AMUL BUTTER 500GM',245,'COOKING-ESSENTIALS','AMUL',100,64,5,'1572302303-g2.PNG');
Insert into GLAD_DEV.TBL_PRODUCT (ID,NAME,DESCRIPTION,PRICE,CATEGORY,BRAND,QUANTITY,RETAILER_ID,DISCOUNT,IMAGE_PATH) values (231,'ASHIRWAD-SELECT ATTTA 5KG','ASHIRWAD-SELECT ATTTA 5KG',250,'COOKING-ESSENTIALS','ASHIRWAD',100,64,10,'1572302209-g1.PNG');
Insert into GLAD_DEV.TBL_PRODUCT (ID,NAME,DESCRIPTION,PRICE,CATEGORY,BRAND,QUANTITY,RETAILER_ID,DISCOUNT,IMAGE_PATH) values (235,'FORTUNE REFINED OIL 1 LTR','FORTUNE REFINED OIL 1 LTR',120,'COOKING-ESSENTIALS','FORTUNE',100,64,5,'1572302444-tp5.png');
Insert into GLAD_DEV.TBL_PRODUCT (ID,NAME,DESCRIPTION,PRICE,CATEGORY,BRAND,QUANTITY,RETAILER_ID,DISCOUNT,IMAGE_PATH) values (237,'NATRAJ DRYFRUITS 1KG','NATRAJ DRYFRUITS 1KG',795,'COOKING-ESSENTIALS','NATRAJ',100,64,10,'1572302541-g4.PNG');
Insert into GLAD_DEV.TBL_PRODUCT (ID,NAME,DESCRIPTION,PRICE,CATEGORY,BRAND,QUANTITY,RETAILER_ID,DISCOUNT,IMAGE_PATH) values (239,'VEDAKA SPICE COMBO 1KG','VEDAKA SPICE COMBO 1KG',589,'COOKING-ESSENTIALS','VEDAKA',100,64,15,'1572302657-g9.PNG');
Insert into GLAD_DEV.TBL_PRODUCT (ID,NAME,DESCRIPTION,PRICE,CATEGORY,BRAND,QUANTITY,RETAILER_ID,DISCOUNT,IMAGE_PATH) values (241,'Lenovo ThinkPad E490 Intel Core i3 8th Gen 14-inch HD Thin and Light Laptop','Maximize productivity while ensuring the best value with the Legendary 11 Military Specs tested ThinkPad E490 laptop',54960,'LAPTOPS','Lenovo',100,66,20,'1572302851-l11.png');
Insert into GLAD_DEV.TBL_PRODUCT (ID,NAME,DESCRIPTION,PRICE,CATEGORY,BRAND,QUANTITY,RETAILER_ID,DISCOUNT,IMAGE_PATH) values (243,'Dell Inspiron 14 5482 2-in-1 14 Inch FHD Touchscreen Convertible Laptop','Core i3-8145U/4 GB/1 TB HDD/Windows 10/MS Office/Silver/1.7 kg',58000,'LAPTOPS','Dell',100,66,10,'1572303296-l11.png');
Insert into GLAD_DEV.TBL_PRODUCT (ID,NAME,DESCRIPTION,PRICE,CATEGORY,BRAND,QUANTITY,RETAILER_ID,DISCOUNT,IMAGE_PATH) values (245,'HP 14 Core i3 7th gen 14-inch Thin and Light Laptop 14q-cs0023TU','8GB/256GB SSD/Windows 10 Home/MS Office/Jet Black/1.43 kg',32490,'LAPTOPS','HP',100,66,5,'1572303388-l3.png');
Insert into GLAD_DEV.TBL_PRODUCT (ID,NAME,DESCRIPTION,PRICE,CATEGORY,BRAND,QUANTITY,RETAILER_ID,DISCOUNT,IMAGE_PATH) values (248,'MSI Gaming GL63 9RCX-219INIntel Corei5-9300H 9th Gen 15.6-inch Gaming Laptop'',','8GB/512GB NVMe SSD/Windows 10 Home/GTX 1050 Ti, 4GB Graphics/Black/2.22Kg',65000,'LAPTOPS','MSI',100,66,5,'1572303600-l6.png');
Insert into GLAD_DEV.TBL_PRODUCT (ID,NAME,DESCRIPTION,PRICE,CATEGORY,BRAND,QUANTITY,RETAILER_ID,DISCOUNT,IMAGE_PATH) values (250,'ASUS ROG Strix G G731GT 17.3','FHD Gaming Laptop GTX 1650 4GB Graphics'',''Core i7-9750H 9th Gen/16GB RAM/1TB SSHD + 256GB PCIe SSD/Windows 10/Black/2.85 Kg',110990,'LAPTOPS','ASUS',100,66,10,'1572303690-l2.png');
Insert into GLAD_DEV.TBL_PRODUCT (ID,NAME,DESCRIPTION,PRICE,CATEGORY,BRAND,QUANTITY,RETAILER_ID,DISCOUNT,IMAGE_PATH) values (252,'MI-NOTE5PLUS','MI-NOTE5PLUS',8200,'MOBILE','REDMI',100,68,20,'1572303898-mi2.png');
Insert into GLAD_DEV.TBL_PRODUCT (ID,NAME,DESCRIPTION,PRICE,CATEGORY,BRAND,QUANTITY,RETAILER_ID,DISCOUNT,IMAGE_PATH) values (254,'SAMSUNG-GALAXYA15','SAMSUNG-GALAXYA15',17000,'MOBILE','SAMSUNG',100,68,25,'1572303987-samsung2.png');
Insert into GLAD_DEV.TBL_PRODUCT (ID,NAME,DESCRIPTION,PRICE,CATEGORY,BRAND,QUANTITY,RETAILER_ID,DISCOUNT,IMAGE_PATH) values (256,'SAMSUNG-GALAXYM30','SAMSUNG-GALAXYM30',13999,'MOBILE','SAMSUNG',100,68,20,'1572304432-s1.png');
Insert into GLAD_DEV.TBL_PRODUCT (ID,NAME,DESCRIPTION,PRICE,CATEGORY,BRAND,QUANTITY,RETAILER_ID,DISCOUNT,IMAGE_PATH) values (258,'IPHONE7PLUS','IPhone7plus',34500,'MOBILE','Apple',100,68,15,'1572304529-iphone2.png');
Insert into GLAD_DEV.TBL_PRODUCT (ID,NAME,DESCRIPTION,PRICE,CATEGORY,BRAND,QUANTITY,RETAILER_ID,DISCOUNT,IMAGE_PATH) values (260,'MI-NOTE7PRO','MI-NOTE7PRO',14500,'MOBILE','REDMI',100,68,10,'1572304746-s2.png');
Insert into GLAD_DEV.TBL_PRODUCT (ID,NAME,DESCRIPTION,PRICE,CATEGORY,BRAND,QUANTITY,RETAILER_ID,DISCOUNT,IMAGE_PATH) values (262,'JEANS','MENS JEANS',1400,'CLOTHING','METRONAUT',100,64,5,'1572305054-j1.png');
Insert into GLAD_DEV.TBL_PRODUCT (ID,NAME,DESCRIPTION,PRICE,CATEGORY,BRAND,QUANTITY,RETAILER_ID,DISCOUNT,IMAGE_PATH) values (264,'TROUSER','MENS TROUSERS',2100,'CLOTHING','KHOUTANS',100,64,10,'1572305272-j2.png');
Insert into GLAD_DEV.TBL_PRODUCT (ID,NAME,DESCRIPTION,PRICE,CATEGORY,BRAND,QUANTITY,RETAILER_ID,DISCOUNT,IMAGE_PATH) values (266,'WOMENS SHIRTS','WOMENS SHIRTS',1200,'CLOTHING','US POLO',100,64,20,'1572305656-J3.PNG');
Insert into GLAD_DEV.TBL_PRODUCT (ID,NAME,DESCRIPTION,PRICE,CATEGORY,BRAND,QUANTITY,RETAILER_ID,DISCOUNT,IMAGE_PATH) values (268,'WOMENS TSHIRTS','WOMEN TSHIRTS',800,'CLOTHING','METERONAUT',100,64,25,'1572306230-j4.png');
Insert into GLAD_DEV.TBL_PRODUCT (ID,NAME,DESCRIPTION,PRICE,CATEGORY,BRAND,QUANTITY,RETAILER_ID,DISCOUNT,IMAGE_PATH) values (270,'SHIRTS','MENS SHIRTS',1800,'CLOTHING','REAL VALUE',100,64,5,'1572306418-j5.png');
Insert into GLAD_DEV.TBL_PRODUCT (ID,NAME,DESCRIPTION,PRICE,CATEGORY,BRAND,QUANTITY,RETAILER_ID,DISCOUNT,IMAGE_PATH) values (272,'HAVELLS 1200 W HAIR DRYER','HAVELLS 1200 W HAIR DRYER',897,'PERSONAL CARE AND HEALTH CARE','HAVELLS',100,66,10,'1572306594-g14.PNG');
Insert into GLAD_DEV.TBL_PRODUCT (ID,NAME,DESCRIPTION,PRICE,CATEGORY,BRAND,QUANTITY,RETAILER_ID,DISCOUNT,IMAGE_PATH) values (274,'QERINKLE HAIR ELECTRIC COMB BRUSH','QERINKLE HAIR ELECTRIC COMB BRUSH',278,'PERSONAL CARE AND HEALTH CARE','QERINKLE',100,66,5,'1572306659-g13.PNG');
Insert into GLAD_DEV.TBL_PRODUCT (ID,NAME,DESCRIPTION,PRICE,CATEGORY,BRAND,QUANTITY,RETAILER_ID,DISCOUNT,IMAGE_PATH) values (276,'HAVELLS HAIR STRAIGHTENER WITH TITANIUM COATED PLATES','HAVELLS HAIR STRAIGHTENER WITH TITANIUM COATED PLATES',1751,'PERSONAL CARE AND HEALTH CARE','HAVELLS',100,66,10,'1572306728-g11.PNG');
Insert into GLAD_DEV.TBL_PRODUCT (ID,NAME,DESCRIPTION,PRICE,CATEGORY,BRAND,QUANTITY,RETAILER_ID,DISCOUNT,IMAGE_PATH) values (278,'ACU CHECK-INSTANT GLUCOMETER','ACU CHECK-INSTANT GLUCOMETER',1263,'PERSONAL CARE AND HEALTH CARE','ROCHE DIABETES CARE',100,66,25,'1572306825-g5.PNG');
Insert into GLAD_DEV.TBL_PRODUCT (ID,NAME,DESCRIPTION,PRICE,CATEGORY,BRAND,QUANTITY,RETAILER_ID,DISCOUNT,IMAGE_PATH) values (280,'DABUR MESWAK TOOTHPASTE 200G','DABUR MESWAK TOOTHPASTE',78,'HOUSEHOLD SUPPLIES','DABUR',100,66,5,'1572306924-g6.PNG');
Insert into GLAD_DEV.TBL_PRODUCT (ID,NAME,DESCRIPTION,PRICE,CATEGORY,BRAND,QUANTITY,RETAILER_ID,DISCOUNT,IMAGE_PATH) values (282,'SELPAK KITCHEN TOWEL PAPER','SELPAK KITCHEN TOWEL PAPER',415,'HOUSEHOLD SUPPLIES','SELPAK',100,66,5,'1572307012-g8.PNG');
Insert into GLAD_DEV.TBL_PRODUCT (ID,NAME,DESCRIPTION,PRICE,CATEGORY,BRAND,QUANTITY,RETAILER_ID,DISCOUNT,IMAGE_PATH) values (284,'IPHONE7PLUS','IPhone7plus',34500,'MOBILE','Apple',100,68,25,'1572307324-iphone1.png');
Insert into GLAD_DEV.TBL_PRODUCT (ID,NAME,DESCRIPTION,PRICE,CATEGORY,BRAND,QUANTITY,RETAILER_ID,DISCOUNT,IMAGE_PATH) values (286,'IPHONE9PLUS','IPHONE9PLUS',73000,'MOBILE','Apple',100,68,5,'1572307547-m1.png');
Insert into GLAD_DEV.TBL_PRODUCT (ID,NAME,DESCRIPTION,PRICE,CATEGORY,BRAND,QUANTITY,RETAILER_ID,DISCOUNT,IMAGE_PATH) values (288,'OPPO A3S','A3S',7500,'MOBILE','OPPO',100,68,10,'1572307778-m2.png');
Insert into GLAD_DEV.TBL_PRODUCT (ID,NAME,DESCRIPTION,PRICE,CATEGORY,BRAND,QUANTITY,RETAILER_ID,DISCOUNT,IMAGE_PATH) values (290,'OPPO A5S','A5S',8490,'MOBILE','OPPO',100,68,5,'1572307985-m3.png');
Insert into GLAD_DEV.TBL_PRODUCT (ID,NAME,DESCRIPTION,PRICE,CATEGORY,BRAND,QUANTITY,RETAILER_ID,DISCOUNT,IMAGE_PATH) values (292,'Aspire 3 Slim A315-22 ( A4-9120 | 4GB | 1TB | INT | 15.6"HD | Windows 10 ','AMD A-Series dual-core processor A4-9120 2.2GHz with Turbo Boost up to 2.5GHz Windows 10 Home 64-bit',29990,'LAPTOPS','Acer',100,66,5,'1572308244-l17.png');
Insert into GLAD_DEV.TBL_PRODUCT (ID,NAME,DESCRIPTION,PRICE,CATEGORY,BRAND,QUANTITY,RETAILER_ID,DISCOUNT,IMAGE_PATH) values (294,'Apple MacBook Air (13-inch, 1.8GHz Dual-core Intel Core i5, 8GB RAM, 128GB SSD) -Silver','13.3-inch (diagonal) LED-backlit Retina display. 1.8GHz dual-core 5th-generation Intel Core i5 with Turbo Boost up to 2.9GHz',77200,'LAPTOPS','Apple',100,66,20,'1572308451-l18.png');
Insert into GLAD_DEV.TBL_PRODUCT (ID,NAME,DESCRIPTION,PRICE,CATEGORY,BRAND,QUANTITY,RETAILER_ID,DISCOUNT,IMAGE_PATH) values (296,'DOVE INTENSE REPAIR SHAMPOO 1LTR','DOVE INTENSE REPAIR SHAMPOO 1LTR',190,'HEALTH AND PERSONEL CARE','DOVE',100,64,5,'1572308642-d1.png');
Insert into GLAD_DEV.TBL_PRODUCT (ID,NAME,DESCRIPTION,PRICE,CATEGORY,BRAND,QUANTITY,RETAILER_ID,DISCOUNT,IMAGE_PATH) values (298,'NESTLE CEREGROW MULTI GRAIN CEREAL','NESTLE CEREGROW MULTI GRAIN CEREAL',265,'HEALTH AND PERSONEL CARE','NESTLE',100,64,10,'1572308838-d2.png');
Insert into GLAD_DEV.TBL_PRODUCT (ID,NAME,DESCRIPTION,PRICE,CATEGORY,BRAND,QUANTITY,RETAILER_ID,DISCOUNT,IMAGE_PATH) values (300,'OLAY TOTAL EFFECTS 7 IN 1','OLAY TOTAL EFFECTS 7 IN 1',722,'HEALTH AND PERSONEL CARE','OLAY',100,64,5,'1572308963-d3.png');
Insert into GLAD_DEV.TBL_PRODUCT (ID,NAME,DESCRIPTION,PRICE,CATEGORY,BRAND,QUANTITY,RETAILER_ID,DISCOUNT,IMAGE_PATH) values (302,'ORAL B CRISS CROSS TOOTHBRUSH','ORAL B CRISS CROSS TOOTHBRUSH',50,'HEALTH AND PERSONEL CARE','COLGATE',100,64,10,'1572309130-d4.png');
Insert into GLAD_DEV.TBL_PRODUCT (ID,NAME,DESCRIPTION,PRICE,CATEGORY,BRAND,QUANTITY,RETAILER_ID,DISCOUNT,IMAGE_PATH) values (304,'PARACHUTE COCONUT OIL 600 ML','PARACHUTE COCONUT OIL 600 ML',210,'HEALTH AND PERSONEL CARE','PARACHUTE',100,64,10,'1572309264-d5.png');
Insert into GLAD_DEV.TBL_PRODUCT (ID,NAME,DESCRIPTION,PRICE,CATEGORY,BRAND,QUANTITY,RETAILER_ID,DISCOUNT,IMAGE_PATH) values (306,'TATA SAMPANN PULSES- TOOR DAL 1KG','TATA SAMPANN PULSES- TOOR DAL 1KG',119,'COOKING-ESSENTIALS','TATA',100,64,10,'1572309397-d6.png');
Insert into GLAD_DEV.TBL_PRODUCT (ID,NAME,DESCRIPTION,PRICE,CATEGORY,BRAND,QUANTITY,RETAILER_ID,DISCOUNT,IMAGE_PATH) values (308,'SHIRT','DENIM SHIRT',2000,'CLOTHING','DENIM',100,64,5,'1572309580-d7.png');
Insert into GLAD_DEV.TBL_PRODUCT (ID,NAME,DESCRIPTION,PRICE,CATEGORY,BRAND,QUANTITY,RETAILER_ID,DISCOUNT,IMAGE_PATH) values (310,'Kids Jeans - Boys','Kids Jeans - Boys',450,'CLOTHING','DENIM',100,64,10,'1572309778-d8.png');
Insert into GLAD_DEV.TBL_PRODUCT (ID,NAME,DESCRIPTION,PRICE,CATEGORY,BRAND,QUANTITY,RETAILER_ID,DISCOUNT,IMAGE_PATH) values (312,'Traditional Sarees - Women','Traditional Sarees - Women',3000,'CLOTHING','AYANA',100,64,5,'1572310599-d9.png');
Insert into GLAD_DEV.TBL_PRODUCT (ID,NAME,DESCRIPTION,PRICE,CATEGORY,BRAND,QUANTITY,RETAILER_ID,DISCOUNT,IMAGE_PATH) values (314,'HP Pavillion i7','HP Pavillion 9th Generation Intel® Core¿ i7 processor| Windows 10 Home Single Language 64|	Transfer rates up to 2666 MT/s',65000,'LAPTOPS','HP',100,66,10,'1572310826-l13.png');
Insert into GLAD_DEV.TBL_PRODUCT (ID,NAME,DESCRIPTION,PRICE,CATEGORY,BRAND,QUANTITY,RETAILER_ID,DISCOUNT,IMAGE_PATH) values (316,'DELL Thinkpad 8th Gen i3 + 4GB RAM','DELL Thinkpad 8th Gen i3 + 4GB RAM|Discrete Trusted Platform Module (dTPM) 2.0|Touch Type fingerprint reader',82962,'LAPTOPS','Dell',100,66,5,'1572311038-l7.png');
Insert into GLAD_DEV.TBL_PRODUCT (ID,NAME,DESCRIPTION,PRICE,CATEGORY,BRAND,QUANTITY,RETAILER_ID,DISCOUNT,IMAGE_PATH) values (318,'SAMSUNG-GALAXYA8','SAMSUNG-GALAXYA8',20000,'MOBILE','SAMSUNG',100,68,25,'1572311180-m4.png');
REM INSERTING into GLAD_DEV.TBL_PRODUCT_DISCOUNT
SET DEFINE OFF;
REM INSERTING into GLAD_DEV.TBL_PRODUCT_IMAGE
SET DEFINE OFF;
REM INSERTING into GLAD_DEV.TBL_RETAILER
SET DEFINE OFF;
Insert into GLAD_DEV.TBL_RETAILER (ID,NAME,EMAIL,PASSWORD,MOBILE_NUMBER,ADDRESS,CREATED_AT,APPROVED,SHOP_NAME) values (62,'Chaitanya Pradhan','chaitanya.pradhan1211@gmail.com','$s0$41010$yNghmOo7XCDxgv00NFSRgA==$jOQD94fcKoLq/ZBjf78cQq60bTbHPfGx20Y0N1bDrfM=',8793363793,'Asangaon',to_timestamp('28-10-19 11:42:59.147000000 AM','DD-MM-RR HH12:MI:SSXFF AM'),0,'LT-Mart');
Insert into GLAD_DEV.TBL_RETAILER (ID,NAME,EMAIL,PASSWORD,MOBILE_NUMBER,ADDRESS,CREATED_AT,APPROVED,SHOP_NAME) values (64,'Amit Shukla','amitshukla1425@gmail.com','$s0$41010$EwFVcQFZ8y9xjwnT2dp0Ag==$S4sGpioaUiqOEyo6/KyCyIpWGGCg1i7OJfAn93pdx6g=',8424989060,'Khar',to_timestamp('28-10-19 12:02:05.619000000 PM','DD-MM-RR HH12:MI:SSXFF AM'),0,'LT-Mart');
Insert into GLAD_DEV.TBL_RETAILER (ID,NAME,EMAIL,PASSWORD,MOBILE_NUMBER,ADDRESS,CREATED_AT,APPROVED,SHOP_NAME) values (66,'Lisa Anthony','lisa9dec@yahoo.co.in','$s0$41010$5Ah17PgYaCe4uEsuIt+oXA==$ucs4XVMmgh2C4YNyy2xHaR+QTYhGLeRMBp85BBczgIg=',9167532651,'Kanjurmarg',to_timestamp('28-10-19 12:03:09.234000000 PM','DD-MM-RR HH12:MI:SSXFF AM'),0,'LT-Mart');
Insert into GLAD_DEV.TBL_RETAILER (ID,NAME,EMAIL,PASSWORD,MOBILE_NUMBER,ADDRESS,CREATED_AT,APPROVED,SHOP_NAME) values (68,'Kashika Tyagi','kashika670@gmail.com','$s0$41010$HuS22FgqY14uZeu2cREExw==$t8fOL3tuiPc+hwS6PQJVqkTNdwfTVdrqQTRF9J5j4WE=',8450908030,'Asangaon',to_timestamp('28-10-19 12:03:45.016000000 PM','DD-MM-RR HH12:MI:SSXFF AM'),0,'LT-Mart');
REM INSERTING into GLAD_DEV.TBL_REVIEW
SET DEFINE OFF;
REM INSERTING into GLAD_DEV.TBL_USER
SET DEFINE OFF;
Insert into GLAD_DEV.TBL_USER (ID,NAME,EMAIL,PASSWORD,MOBILE_NUMBER,ADDRESS,CREATED_AT,APPROVED) values (101,'Amit','amit@lti.com','amit123',8974563217,'Mahape',to_timestamp('10-10-19 06:59:50.229000000 PM','DD-MM-RR HH12:MI:SSXFF AM'),0);
Insert into GLAD_DEV.TBL_USER (ID,NAME,EMAIL,PASSWORD,MOBILE_NUMBER,ADDRESS,CREATED_AT,APPROVED) values (102,'Chaitanya','chaitanya@lti.com','chaitayna123',7812563287,'Thane',to_timestamp('10-10-19 09:37:02.121000000 PM','DD-MM-RR HH12:MI:SSXFF AM'),0);
Insert into GLAD_DEV.TBL_USER (ID,NAME,EMAIL,PASSWORD,MOBILE_NUMBER,ADDRESS,CREATED_AT,APPROVED) values (103,'Neel','neel@lti.com','neel123',8974543217,'Vasai',to_timestamp('10-10-19 09:37:07.085000000 PM','DD-MM-RR HH12:MI:SSXFF AM'),0);
Insert into GLAD_DEV.TBL_USER (ID,NAME,EMAIL,PASSWORD,MOBILE_NUMBER,ADDRESS,CREATED_AT,APPROVED) values (104,'Sarvesh','sarvesh@lti.com','sarvesh123',7974563217,'Sion',to_timestamp('10-10-19 09:37:11.102000000 PM','DD-MM-RR HH12:MI:SSXFF AM'),0);
Insert into GLAD_DEV.TBL_USER (ID,NAME,EMAIL,PASSWORD,MOBILE_NUMBER,ADDRESS,CREATED_AT,APPROVED) values (105,'Heli','heli@lti.com','heli123',9923563217,'Borivali',to_timestamp('10-10-19 09:37:14.761000000 PM','DD-MM-RR HH12:MI:SSXFF AM'),0);
Insert into GLAD_DEV.TBL_USER (ID,NAME,EMAIL,PASSWORD,MOBILE_NUMBER,ADDRESS,CREATED_AT,APPROVED) values (4,'Gloria','gloria@lti.com','47cb016fc371a44dda83f884ae03798d2a2cd258a365e4af573c6faa70e9ee9abb75590a3b01a4ab48c50ea630ab17b53018ee045b144f40a8b1e41ebe9404c5',987654321,'Mumbai',to_timestamp('20-10-19 01:20:51.830000000 PM','DD-MM-RR HH12:MI:SSXFF AM'),0);
Insert into GLAD_DEV.TBL_USER (ID,NAME,EMAIL,PASSWORD,MOBILE_NUMBER,ADDRESS,CREATED_AT,APPROVED) values (9,'Elton','elton@lti.com','873dc0a7e6eca7ea2cc677b904561da3aac59f2729f9068015c05e1e064366ff255a446f03ccafa2c39851f536482facb32bf5167824aeb2fa040930a53a0757',9876543210,'Mumbai',to_timestamp('20-10-19 01:28:00.755000000 PM','DD-MM-RR HH12:MI:SSXFF AM'),0);
Insert into GLAD_DEV.TBL_USER (ID,NAME,EMAIL,PASSWORD,MOBILE_NUMBER,ADDRESS,CREATED_AT,APPROVED) values (27,'Archana Pradhan','archanapradhan1410@gmail.com','$s0$41010$r416TMM0G/t+aRJpVj7BlA==$aljLX/XA+8qj7gBqkRdkevq4Akm/1BToIop7Jk1hPGk=',9821655879,'Mumbai',to_timestamp('20-10-19 07:31:15.741000000 PM','DD-MM-RR HH12:MI:SSXFF AM'),0);
Insert into GLAD_DEV.TBL_USER (ID,NAME,EMAIL,PASSWORD,MOBILE_NUMBER,ADDRESS,CREATED_AT,APPROVED) values (17,'Harshil','harshil@lti.com','6419ffc59b8c0bb1d4cff779cce90b275f644999993347a383280a54d8a18040d6e5f0ae39a8ad0dc1127d8ea047c7ebd1fa56e49b5437b3b361d5bbb38910cf',7523612542,'Mumbai',to_timestamp('20-10-19 03:36:23.508000000 PM','DD-MM-RR HH12:MI:SSXFF AM'),0);
Insert into GLAD_DEV.TBL_USER (ID,NAME,EMAIL,PASSWORD,MOBILE_NUMBER,ADDRESS,CREATED_AT,APPROVED) values (19,'Pratik','pratik@lti.com','$s0$41010$bXIwVp+43+P24VF3xAuddw==$UBwTIAlgDKpEFW5SUPl6YH1WeQTUqWExhqyzMycr0Gc=',7548124569,'Mumbai',to_timestamp('20-10-19 04:04:01.217000000 PM','DD-MM-RR HH12:MI:SSXFF AM'),0);
Insert into GLAD_DEV.TBL_USER (ID,NAME,EMAIL,PASSWORD,MOBILE_NUMBER,ADDRESS,CREATED_AT,APPROVED) values (23,'Shirish Pradhan','shirishpradhan1960@gmail.com','$s0$41010$dRoC22pQhulAUyiXlvSIMg==$58nkM6zeBlCeMBJzSAmlAoVTJhWQzv0yVUT1UVnLoeQ=',9321655879,'Mumbai',to_timestamp('20-10-19 06:47:54.293000000 PM','DD-MM-RR HH12:MI:SSXFF AM'),0);
Insert into GLAD_DEV.TBL_USER (ID,NAME,EMAIL,PASSWORD,MOBILE_NUMBER,ADDRESS,CREATED_AT,APPROVED) values (246,'Amit Shukla','amitshukla1425@gmail.com','$s0$41010$Q3Kx6zceSX38kdW87Djy2A==$Omu/oIyBmo2DYtHbAMCsAgid6f4z7X2HRkvXiYW2WAc=',8424989060,'Khar Road',to_timestamp('28-10-19 11:19:03.346000000 AM','DD-MM-RR HH12:MI:SSXFF AM'),0);
Insert into GLAD_DEV.TBL_USER (ID,NAME,EMAIL,PASSWORD,MOBILE_NUMBER,ADDRESS,CREATED_AT,APPROVED) values (44,'Nigel Rodrigues','nigelrodrigues1998@gmail.com','$s0$41010$g3ZR+J4/imBE76orpPXtbQ==$ygVBjRb9SdHjk095l29iTjAWHRwj0+6yQGud/IUTB1o=',7542168320,'Madh Island',to_timestamp('22-10-19 11:07:49.102000000 AM','DD-MM-RR HH12:MI:SSXFF AM'),0);
Insert into GLAD_DEV.TBL_USER (ID,NAME,EMAIL,PASSWORD,MOBILE_NUMBER,ADDRESS,CREATED_AT,APPROVED) values (68,'Lisa Anthony','lisa9dec@yahoo.co.in','$s0$41010$62a6obAYi7q5/qcWLoWJqA==$jhJP1Tjp/aY/F6S+UvEWM1oe9cqZ2MZDDyOCZ0LrPe8=',9167532651,'Kanjurmarg',to_timestamp('22-10-19 06:26:23.847000000 PM','DD-MM-RR HH12:MI:SSXFF AM'),0);
Insert into GLAD_DEV.TBL_USER (ID,NAME,EMAIL,PASSWORD,MOBILE_NUMBER,ADDRESS,CREATED_AT,APPROVED) values (70,'Kashika Tyagi','kashika670@gmail.com','$s0$41010$RGcVD6ARvkRPiL6WpN0d4w==$0tbodJPXpenCz32jPBFSCfX2X9P4H1on1aLGtiGZ4L8=',8793363793,'Asangaon',to_timestamp('22-10-19 06:28:39.902000000 PM','DD-MM-RR HH12:MI:SSXFF AM'),0);
Insert into GLAD_DEV.TBL_USER (ID,NAME,EMAIL,PASSWORD,MOBILE_NUMBER,ADDRESS,CREATED_AT,APPROVED) values (204,'Happy Limbasiya','happy.limbasiya@lntinfotech.com','$s0$41010$W/VF81tMj7GWay59ur0kPw==$rtizyoPLmvk0heSC6X+mj3LWTPK+eFe9pb7voe2HPk0=',8450913245,'Ghatkopar',to_timestamp('25-10-19 10:58:14.214000000 AM','DD-MM-RR HH12:MI:SSXFF AM'),0);
Insert into GLAD_DEV.TBL_USER (ID,NAME,EMAIL,PASSWORD,MOBILE_NUMBER,ADDRESS,CREATED_AT,APPROVED) values (142,'Chaitanya Pradhan','chaitanya.pradhan1211@gmail.com','$s0$41010$cGZMFR2Awxzbq4obsgSEhw==$FyZHiYQ4LDV12FIczNRkV8Q6b8Juvyp8FvHiFSa0edc=',7208451704,'Mumbai',to_timestamp('23-10-19 03:04:17.746000000 PM','DD-MM-RR HH12:MI:SSXFF AM'),0);
Insert into GLAD_DEV.TBL_USER (ID,NAME,EMAIL,PASSWORD,MOBILE_NUMBER,ADDRESS,CREATED_AT,APPROVED) values (162,'Happy','sachmein@gmail.com','$s0$41010$9pZB61sW2uY6J1zuvpjxBQ==$nyEeRkXq6SQYCHA72mdVSkpovYLIHHtinNxGTfHmtFE=',9898562314,'Titwala',to_timestamp('23-10-19 05:13:46.304000000 PM','DD-MM-RR HH12:MI:SSXFF AM'),0);
--------------------------------------------------------
--  DDL for Index TBL_REVIEW_PK
--------------------------------------------------------

  CREATE UNIQUE INDEX "GLAD_DEV"."TBL_REVIEW_PK" ON "GLAD_DEV"."TBL_REVIEW" ("ID") 
  PCTFREE 10 INITRANS 2 MAXTRANS 255 
  STORAGE(INITIAL 65536 NEXT 1048576 MINEXTENTS 1 MAXEXTENTS 2147483645
  PCTINCREASE 0 FREELISTS 1 FREELIST GROUPS 1 BUFFER_POOL DEFAULT)
  TABLESPACE "SYSTEM" ;
--------------------------------------------------------
--  Constraints for Table TBL_USER
--------------------------------------------------------

  ALTER TABLE "GLAD_DEV"."TBL_USER" MODIFY ("NAME" NOT NULL ENABLE);
 
  ALTER TABLE "GLAD_DEV"."TBL_USER" MODIFY ("EMAIL" NOT NULL ENABLE);
 
  ALTER TABLE "GLAD_DEV"."TBL_USER" MODIFY ("PASSWORD" NOT NULL ENABLE);
 
  ALTER TABLE "GLAD_DEV"."TBL_USER" MODIFY ("MOBILE_NUMBER" NOT NULL ENABLE);
 
  ALTER TABLE "GLAD_DEV"."TBL_USER" MODIFY ("ADDRESS" NOT NULL ENABLE);
 
  ALTER TABLE "GLAD_DEV"."TBL_USER" ADD PRIMARY KEY ("ID")
  USING INDEX PCTFREE 10 INITRANS 2 MAXTRANS 255 COMPUTE STATISTICS 
  STORAGE(INITIAL 65536 NEXT 1048576 MINEXTENTS 1 MAXEXTENTS 2147483645
  PCTINCREASE 0 FREELISTS 1 FREELIST GROUPS 1 BUFFER_POOL DEFAULT)
  TABLESPACE "SYSTEM"  ENABLE;
 
  ALTER TABLE "GLAD_DEV"."TBL_USER" ADD UNIQUE ("EMAIL")
  USING INDEX PCTFREE 10 INITRANS 2 MAXTRANS 255 COMPUTE STATISTICS 
  STORAGE(INITIAL 65536 NEXT 1048576 MINEXTENTS 1 MAXEXTENTS 2147483645
  PCTINCREASE 0 FREELISTS 1 FREELIST GROUPS 1 BUFFER_POOL DEFAULT)
  TABLESPACE "SYSTEM"  ENABLE;
 
  ALTER TABLE "GLAD_DEV"."TBL_USER" ADD UNIQUE ("MOBILE_NUMBER")
  USING INDEX PCTFREE 10 INITRANS 2 MAXTRANS 255 COMPUTE STATISTICS 
  STORAGE(INITIAL 65536 NEXT 1048576 MINEXTENTS 1 MAXEXTENTS 2147483645
  PCTINCREASE 0 FREELISTS 1 FREELIST GROUPS 1 BUFFER_POOL DEFAULT)
  TABLESPACE "SYSTEM"  ENABLE;
 
  ALTER TABLE "GLAD_DEV"."TBL_USER" MODIFY ("CREATED_AT" NOT NULL ENABLE);
 
  ALTER TABLE "GLAD_DEV"."TBL_USER" MODIFY ("APPROVED" NOT NULL ENABLE);
--------------------------------------------------------
--  Constraints for Table TBL_PRODUCT_IMAGE
--------------------------------------------------------

  ALTER TABLE "GLAD_DEV"."TBL_PRODUCT_IMAGE" ADD CONSTRAINT "PRODUCT_ID_NOT_NULL" CHECK (PRODUCT_ID IS NOT NULL) ENABLE;
 
  ALTER TABLE "GLAD_DEV"."TBL_PRODUCT_IMAGE" MODIFY ("IMAGE_PATH" NOT NULL ENABLE);
 
  ALTER TABLE "GLAD_DEV"."TBL_PRODUCT_IMAGE" ADD PRIMARY KEY ("ID")
  USING INDEX PCTFREE 10 INITRANS 2 MAXTRANS 255 
  STORAGE(INITIAL 65536 NEXT 1048576 MINEXTENTS 1 MAXEXTENTS 2147483645
  PCTINCREASE 0 FREELISTS 1 FREELIST GROUPS 1 BUFFER_POOL DEFAULT)
  TABLESPACE "SYSTEM"  ENABLE;
--------------------------------------------------------
--  Constraints for Table TBL_REVIEW
--------------------------------------------------------

  ALTER TABLE "GLAD_DEV"."TBL_REVIEW" MODIFY ("PRODUCT_ID" NOT NULL ENABLE);
 
  ALTER TABLE "GLAD_DEV"."TBL_REVIEW" MODIFY ("USER_ID" NOT NULL ENABLE);
 
  ALTER TABLE "GLAD_DEV"."TBL_REVIEW" MODIFY ("ID" NOT NULL ENABLE);
 
  ALTER TABLE "GLAD_DEV"."TBL_REVIEW" ADD CONSTRAINT "TBL_REVIEW_PK" PRIMARY KEY ("ID")
  USING INDEX PCTFREE 10 INITRANS 2 MAXTRANS 255 
  STORAGE(INITIAL 65536 NEXT 1048576 MINEXTENTS 1 MAXEXTENTS 2147483645
  PCTINCREASE 0 FREELISTS 1 FREELIST GROUPS 1 BUFFER_POOL DEFAULT)
  TABLESPACE "SYSTEM"  ENABLE;
--------------------------------------------------------
--  Constraints for Table TBL_PRODUCT_DISCOUNT
--------------------------------------------------------

  ALTER TABLE "GLAD_DEV"."TBL_PRODUCT_DISCOUNT" ADD PRIMARY KEY ("ID")
  USING INDEX PCTFREE 10 INITRANS 2 MAXTRANS 255 COMPUTE STATISTICS 
  STORAGE(INITIAL 65536 NEXT 1048576 MINEXTENTS 1 MAXEXTENTS 2147483645
  PCTINCREASE 0 FREELISTS 1 FREELIST GROUPS 1 BUFFER_POOL DEFAULT)
  TABLESPACE "SYSTEM"  ENABLE;
--------------------------------------------------------
--  Constraints for Table TBL_CART
--------------------------------------------------------

  ALTER TABLE "GLAD_DEV"."TBL_CART" MODIFY ("USER_ID" NOT NULL ENABLE);
 
  ALTER TABLE "GLAD_DEV"."TBL_CART" ADD PRIMARY KEY ("ID")
  USING INDEX PCTFREE 10 INITRANS 2 MAXTRANS 255 COMPUTE STATISTICS 
  STORAGE(INITIAL 65536 NEXT 1048576 MINEXTENTS 1 MAXEXTENTS 2147483645
  PCTINCREASE 0 FREELISTS 1 FREELIST GROUPS 1 BUFFER_POOL DEFAULT)
  TABLESPACE "SYSTEM"  ENABLE;
--------------------------------------------------------
--  Constraints for Table TBL_CART_PRODUCT
--------------------------------------------------------

  ALTER TABLE "GLAD_DEV"."TBL_CART_PRODUCT" MODIFY ("PRODUCT_ID" NOT NULL ENABLE);
 
  ALTER TABLE "GLAD_DEV"."TBL_CART_PRODUCT" MODIFY ("CART_ID" NOT NULL ENABLE);
 
  ALTER TABLE "GLAD_DEV"."TBL_CART_PRODUCT" ADD PRIMARY KEY ("ID")
  USING INDEX PCTFREE 10 INITRANS 2 MAXTRANS 255 
  STORAGE(INITIAL 65536 NEXT 1048576 MINEXTENTS 1 MAXEXTENTS 2147483645
  PCTINCREASE 0 FREELISTS 1 FREELIST GROUPS 1 BUFFER_POOL DEFAULT)
  TABLESPACE "SYSTEM"  ENABLE;
--------------------------------------------------------
--  Constraints for Table TBL_ADMIN
--------------------------------------------------------

  ALTER TABLE "GLAD_DEV"."TBL_ADMIN" ADD UNIQUE ("USERNAME")
  USING INDEX PCTFREE 10 INITRANS 2 MAXTRANS 255 COMPUTE STATISTICS 
  STORAGE(INITIAL 65536 NEXT 1048576 MINEXTENTS 1 MAXEXTENTS 2147483645
  PCTINCREASE 0 FREELISTS 1 FREELIST GROUPS 1 BUFFER_POOL DEFAULT)
  TABLESPACE "SYSTEM"  ENABLE;
 
  ALTER TABLE "GLAD_DEV"."TBL_ADMIN" ADD PRIMARY KEY ("ID")
  USING INDEX PCTFREE 10 INITRANS 2 MAXTRANS 255 COMPUTE STATISTICS 
  STORAGE(INITIAL 65536 NEXT 1048576 MINEXTENTS 1 MAXEXTENTS 2147483645
  PCTINCREASE 0 FREELISTS 1 FREELIST GROUPS 1 BUFFER_POOL DEFAULT)
  TABLESPACE "SYSTEM"  ENABLE;
 
  ALTER TABLE "GLAD_DEV"."TBL_ADMIN" MODIFY ("PASSWORD" NOT NULL ENABLE);
 
  ALTER TABLE "GLAD_DEV"."TBL_ADMIN" MODIFY ("USERNAME" NOT NULL ENABLE);
--------------------------------------------------------
--  Constraints for Table TBL_ORDER
--------------------------------------------------------

  ALTER TABLE "GLAD_DEV"."TBL_ORDER" MODIFY ("ORDERED_ON" NOT NULL ENABLE);
 
  ALTER TABLE "GLAD_DEV"."TBL_ORDER" MODIFY ("TOTAL_PRICE" NOT NULL ENABLE);
 
  ALTER TABLE "GLAD_DEV"."TBL_ORDER" MODIFY ("MODE_OF_PAYMENT" NOT NULL ENABLE);
 
  ALTER TABLE "GLAD_DEV"."TBL_ORDER" MODIFY ("CART_ID" NOT NULL ENABLE);
 
  ALTER TABLE "GLAD_DEV"."TBL_ORDER" ADD PRIMARY KEY ("ID")
  USING INDEX PCTFREE 10 INITRANS 2 MAXTRANS 255 
  STORAGE(INITIAL 65536 NEXT 1048576 MINEXTENTS 1 MAXEXTENTS 2147483645
  PCTINCREASE 0 FREELISTS 1 FREELIST GROUPS 1 BUFFER_POOL DEFAULT)
  TABLESPACE "SYSTEM"  ENABLE;
--------------------------------------------------------
--  Constraints for Table TBL_RETAILER
--------------------------------------------------------

  ALTER TABLE "GLAD_DEV"."TBL_RETAILER" MODIFY ("NAME" NOT NULL ENABLE);
 
  ALTER TABLE "GLAD_DEV"."TBL_RETAILER" MODIFY ("EMAIL" NOT NULL ENABLE);
 
  ALTER TABLE "GLAD_DEV"."TBL_RETAILER" MODIFY ("PASSWORD" NOT NULL ENABLE);
 
  ALTER TABLE "GLAD_DEV"."TBL_RETAILER" MODIFY ("MOBILE_NUMBER" NOT NULL ENABLE);
 
  ALTER TABLE "GLAD_DEV"."TBL_RETAILER" MODIFY ("ADDRESS" NOT NULL ENABLE);
 
  ALTER TABLE "GLAD_DEV"."TBL_RETAILER" ADD PRIMARY KEY ("ID")
  USING INDEX PCTFREE 10 INITRANS 2 MAXTRANS 255 COMPUTE STATISTICS 
  STORAGE(INITIAL 65536 NEXT 1048576 MINEXTENTS 1 MAXEXTENTS 2147483645
  PCTINCREASE 0 FREELISTS 1 FREELIST GROUPS 1 BUFFER_POOL DEFAULT)
  TABLESPACE "SYSTEM"  ENABLE;
 
  ALTER TABLE "GLAD_DEV"."TBL_RETAILER" ADD UNIQUE ("EMAIL")
  USING INDEX PCTFREE 10 INITRANS 2 MAXTRANS 255 COMPUTE STATISTICS 
  STORAGE(INITIAL 65536 NEXT 1048576 MINEXTENTS 1 MAXEXTENTS 2147483645
  PCTINCREASE 0 FREELISTS 1 FREELIST GROUPS 1 BUFFER_POOL DEFAULT)
  TABLESPACE "SYSTEM"  ENABLE;
 
  ALTER TABLE "GLAD_DEV"."TBL_RETAILER" ADD UNIQUE ("MOBILE_NUMBER")
  USING INDEX PCTFREE 10 INITRANS 2 MAXTRANS 255 COMPUTE STATISTICS 
  STORAGE(INITIAL 65536 NEXT 1048576 MINEXTENTS 1 MAXEXTENTS 2147483645
  PCTINCREASE 0 FREELISTS 1 FREELIST GROUPS 1 BUFFER_POOL DEFAULT)
  TABLESPACE "SYSTEM"  ENABLE;
 
  ALTER TABLE "GLAD_DEV"."TBL_RETAILER" MODIFY ("CREATED_AT" NOT NULL ENABLE);
 
  ALTER TABLE "GLAD_DEV"."TBL_RETAILER" MODIFY ("APPROVED" NOT NULL ENABLE);
--------------------------------------------------------
--  Constraints for Table TBL_PRODUCT
--------------------------------------------------------

  ALTER TABLE "GLAD_DEV"."TBL_PRODUCT" ADD CONSTRAINT "RETAILER_ID_NOT_NULL" CHECK (RETAILER_ID IS NOT NULL) ENABLE;
 
  ALTER TABLE "GLAD_DEV"."TBL_PRODUCT" MODIFY ("NAME" NOT NULL ENABLE);
 
  ALTER TABLE "GLAD_DEV"."TBL_PRODUCT" MODIFY ("PRICE" NOT NULL ENABLE);
 
  ALTER TABLE "GLAD_DEV"."TBL_PRODUCT" MODIFY ("CATEGORY" NOT NULL ENABLE);
 
  ALTER TABLE "GLAD_DEV"."TBL_PRODUCT" MODIFY ("BRAND" NOT NULL ENABLE);
 
  ALTER TABLE "GLAD_DEV"."TBL_PRODUCT" ADD PRIMARY KEY ("ID")
  USING INDEX PCTFREE 10 INITRANS 2 MAXTRANS 255 COMPUTE STATISTICS 
  STORAGE(INITIAL 65536 NEXT 1048576 MINEXTENTS 1 MAXEXTENTS 2147483645
  PCTINCREASE 0 FREELISTS 1 FREELIST GROUPS 1 BUFFER_POOL DEFAULT)
  TABLESPACE "SYSTEM"  ENABLE;
 
  ALTER TABLE "GLAD_DEV"."TBL_PRODUCT" MODIFY ("RETAILER_ID" NOT NULL ENABLE);
--------------------------------------------------------
--  Ref Constraints for Table TBL_CART
--------------------------------------------------------

  ALTER TABLE "GLAD_DEV"."TBL_CART" ADD CONSTRAINT "USER_CART_FK" FOREIGN KEY ("USER_ID")
	  REFERENCES "GLAD_DEV"."TBL_USER" ("ID") ENABLE;
--------------------------------------------------------
--  Ref Constraints for Table TBL_CART_PRODUCT
--------------------------------------------------------

  ALTER TABLE "GLAD_DEV"."TBL_CART_PRODUCT" ADD CONSTRAINT "CART_CART_PRODUCT_FK" FOREIGN KEY ("CART_ID")
	  REFERENCES "GLAD_DEV"."TBL_CART" ("ID") ENABLE;
 
  ALTER TABLE "GLAD_DEV"."TBL_CART_PRODUCT" ADD CONSTRAINT "PRODUCT_CART_PRODUCT_FK" FOREIGN KEY ("PRODUCT_ID")
	  REFERENCES "GLAD_DEV"."TBL_PRODUCT" ("ID") ENABLE;
--------------------------------------------------------
--  Ref Constraints for Table TBL_ORDER
--------------------------------------------------------

  ALTER TABLE "GLAD_DEV"."TBL_ORDER" ADD CONSTRAINT "CART_ORDER_FK" FOREIGN KEY ("CART_ID")
	  REFERENCES "GLAD_DEV"."TBL_CART" ("ID") ENABLE;
--------------------------------------------------------
--  Ref Constraints for Table TBL_PRODUCT
--------------------------------------------------------

  ALTER TABLE "GLAD_DEV"."TBL_PRODUCT" ADD CONSTRAINT "PRODUCT_RETAILER_FK" FOREIGN KEY ("RETAILER_ID")
	  REFERENCES "GLAD_DEV"."TBL_RETAILER" ("ID") ON DELETE CASCADE ENABLE;
--------------------------------------------------------
--  Ref Constraints for Table TBL_PRODUCT_DISCOUNT
--------------------------------------------------------

  ALTER TABLE "GLAD_DEV"."TBL_PRODUCT_DISCOUNT" ADD CONSTRAINT "DISCOUNT_PRODUCT_FK" FOREIGN KEY ("PRODUCT_ID")
	  REFERENCES "GLAD_DEV"."TBL_PRODUCT" ("ID") ON DELETE CASCADE ENABLE;
--------------------------------------------------------
--  Ref Constraints for Table TBL_PRODUCT_IMAGE
--------------------------------------------------------

  ALTER TABLE "GLAD_DEV"."TBL_PRODUCT_IMAGE" ADD CONSTRAINT "IMAGE_PRODUCT_FK" FOREIGN KEY ("PRODUCT_ID")
	  REFERENCES "GLAD_DEV"."TBL_PRODUCT" ("ID") ENABLE;
--------------------------------------------------------
--  Ref Constraints for Table TBL_REVIEW
--------------------------------------------------------

  ALTER TABLE "GLAD_DEV"."TBL_REVIEW" ADD CONSTRAINT "PRODUCT_REVIEW_FK" FOREIGN KEY ("PRODUCT_ID")
	  REFERENCES "GLAD_DEV"."TBL_PRODUCT" ("ID") ENABLE;
 
  ALTER TABLE "GLAD_DEV"."TBL_REVIEW" ADD CONSTRAINT "USER_REVIEW_FK" FOREIGN KEY ("USER_ID")
	  REFERENCES "GLAD_DEV"."TBL_USER" ("ID") ENABLE;
--------------------------------------------------------
--  DDL for Trigger CART_ON_INSERT
--------------------------------------------------------

  CREATE OR REPLACE TRIGGER "GLAD_DEV"."CART_ON_INSERT" 
  before insert on tbl_cart
  for each row
begin
  select cart_sequence.nextval
  into :new.id
  from dual;
end;
/
ALTER TRIGGER "GLAD_DEV"."CART_ON_INSERT" ENABLE;
--------------------------------------------------------
--  DDL for Trigger CART_PRODUCT_ON_INSERT
--------------------------------------------------------

  CREATE OR REPLACE TRIGGER "GLAD_DEV"."CART_PRODUCT_ON_INSERT" 
  BEFORE INSERT ON tbl_cart_product
  FOR EACH ROW
BEGIN
  SELECT order_sequence.nextval
  INTO :new.id
  FROM dual;
END;
/
ALTER TRIGGER "GLAD_DEV"."CART_PRODUCT_ON_INSERT" ENABLE;
--------------------------------------------------------
--  DDL for Trigger ORDER_ON_INSERT
--------------------------------------------------------

  CREATE OR REPLACE TRIGGER "GLAD_DEV"."ORDER_ON_INSERT" 
  BEFORE INSERT ON tbl_order
  FOR EACH ROW
BEGIN
  SELECT order_sequence.nextval
  INTO :new.id
  FROM dual;
END;
/
ALTER TRIGGER "GLAD_DEV"."ORDER_ON_INSERT" ENABLE;
--------------------------------------------------------
--  DDL for Trigger PRODUCT_DISCOUNT_ON_INSERT
--------------------------------------------------------

  CREATE OR REPLACE TRIGGER "GLAD_DEV"."PRODUCT_DISCOUNT_ON_INSERT" 
  BEFORE INSERT ON tbl_product_discount
  FOR EACH ROW
BEGIN
  SELECT order_sequence.nextval
  INTO :new.id
  FROM dual;
END;
/
ALTER TRIGGER "GLAD_DEV"."PRODUCT_DISCOUNT_ON_INSERT" ENABLE;
--------------------------------------------------------
--  DDL for Trigger PRODUCT_IMAGE_ON_INSERT
--------------------------------------------------------

  CREATE OR REPLACE TRIGGER "GLAD_DEV"."PRODUCT_IMAGE_ON_INSERT" 
  BEFORE INSERT ON tbl_product_image
  FOR EACH ROW
BEGIN
  SELECT order_sequence.nextval
  INTO :new.id
  FROM dual;
END;
/
ALTER TRIGGER "GLAD_DEV"."PRODUCT_IMAGE_ON_INSERT" ENABLE;
--------------------------------------------------------
--  DDL for Trigger PRODUCT_ON_INSERT
--------------------------------------------------------

  CREATE OR REPLACE TRIGGER "GLAD_DEV"."PRODUCT_ON_INSERT" 
  BEFORE INSERT ON tbl_product
  FOR EACH ROW
BEGIN
  SELECT product_sequence.nextval
  INTO :new.id
  FROM dual;
END;
/
ALTER TRIGGER "GLAD_DEV"."PRODUCT_ON_INSERT" ENABLE;
--------------------------------------------------------
--  DDL for Trigger RETAILER_ON_INSERT
--------------------------------------------------------

  CREATE OR REPLACE TRIGGER "GLAD_DEV"."RETAILER_ON_INSERT" 
  before insert on tbl_retailer
  for each row
begin
  select retailer_sequence.nextval
  into :new.id
  from dual;
end;
/
ALTER TRIGGER "GLAD_DEV"."RETAILER_ON_INSERT" ENABLE;
--------------------------------------------------------
--  DDL for Trigger REVIEW_ON_INSERT
--------------------------------------------------------

  CREATE OR REPLACE TRIGGER "GLAD_DEV"."REVIEW_ON_INSERT" 
BEFORE INSERT ON TBL_REVIEW
FOR EACH ROW
BEGIN
SELECT REVIEW_SEQUENCE.nextval
INTO :new.ID
FROM dual;
END;
/
ALTER TRIGGER "GLAD_DEV"."REVIEW_ON_INSERT" ENABLE;
--------------------------------------------------------
--  DDL for Trigger USER_ON_INSERT
--------------------------------------------------------

  CREATE OR REPLACE TRIGGER "GLAD_DEV"."USER_ON_INSERT" 
  before insert on tbl_user
  for each row
begin
  select user_sequence.nextval
  into :new.id
  from dual;
end;
/
ALTER TRIGGER "GLAD_DEV"."USER_ON_INSERT" ENABLE;
